brand,product_name,parent_category,child_category,materials,price,Body materials_original,Body materials_normalized
Hollister,Ruched Babydoll Top,Tops,Shirt/Blouse,"Body:100% Cotton / Elastic:69% Polyester, 31% Elastane / Lining:100% Polyester",29.95,"[(100, 'Cotton')]","[(100, 'cotton')]"
Hollister,Cable-Knit Bow Crew Sweater,Tops,Sweater/Cardigan,"Body:60% Cotton, 20% Viscose, 20% Nylon",39.95,"[(60, 'Cotton'), (20, 'Viscose'), (20, 'Nylon')]","[(60, 'cotton'), (20, 'viscose'), (20, 'nylon')]"
Hollister,Oversized Heart Graphic Crew Sweatshirt,Tops,Hoodie/Sweatshirt,"Body:60% Cotton, 40% Recycled Polyester",49.95,"[(60, 'Cotton'), (40, 'Recycled Polyester')]","[(60, 'cotton'), (40, 'polyester')]"
Hollister,Low-Rise Medium Wash Teardown Pocket Baggy Jeans,Bottoms,Jeans,"Body:100% Cotton / Pocket Bag:80% Polyester, 20% Cotton",59.95,"[(100, 'Cotton')]","[(100, 'cotton')]"
Hollister,Easy Flying Birds Graphic Crew Sweater,Tops,Sweater/Cardigan,"Body:60% Cotton, 40% Polyester",49.95,"[(60, 'Cotton'), (40, 'Polyester')]","[(60, 'cotton'), (40, 'polyester')]"
Hollister,Low-Rise White Baggy Jeans,Bottoms,Jeans,"Body:100% Cotton / Pocket Bag:80% Polyester, 20% Cotton",54.95,"[(100, 'Cotton')]","[(100, 'cotton')]"
Hollister,Taylor Reversible Tube Top,Tops,Tank/Cami,"Body And Lining:95% Cotton, 5% Elastane / Body:96% Cotton, 4% Elastane",14.95,"[(95, 'Cotton'), (5, 'Elastane')]","[(95, 'cotton'), (5, 'elastane')]"
Hollister,Easy Jumping Fish Graphic Crew Sweater,Tops,Sweater/Cardigan,"Body:60% Cotton, 40% Polyester",49.95,"[(60, 'Cotton'), (40, 'Polyester')]","[(60, 'cotton'), (40, 'polyester')]"
Hollister,Easy Crew Sweater,Tops,Sweater/Cardigan,"Body:60% Cotton, 40% Polyester",39.95,"[(60, 'Cotton'), (40, 'Polyester')]","[(60, 'cotton'), (40, 'polyester')]"
Hollister,Seamless Fabric Long-Sleeve Crew Top,Tops,T-shirt,"Body:88% Polyester, 12% Elastane",19.95,"[(88, 'Polyester'), (12, 'Elastane')]","[(88, 'polyester'), (12, 'elastane')]"
Hollister,Taylor Reversible Tube Top,Tops,Tank/Cami,"Body:96% Cotton, 4% Elastane",14.95,"[(96, 'Cotton'), (4, 'Elastane')]","[(96, 'cotton'), (4, 'elastane')]"
Hollister,Low-Rise Denim Mini Skort,Bottoms,Skirt,"Body:100% Cotton / Lining:88% Recycled Polyester, 12% Elastane / Pocket Bag:80% Polyester, 20% Cotton",44.95,"[(100, 'Cotton')]","[(100, 'cotton')]"
Hollister,Low-Rise Boot Jeans,Bottoms,Jeans,"Body:98% Cotton, 2% Elastane / Pocket Bag:80% Polyester, 20% Cotton",49.95,"[(98, 'Cotton'), (2, 'Elastane')]","[(98, 'cotton'), (2, 'elastane')]"
Hollister,Taylor Reversible Tube Top,Tops,Tank/Cami,"Body And Lining:95% Cotton, 5% Elastane / Body:96% Cotton, 4% Elastane",14.95,"[(95, 'Cotton'), (5, 'Elastane')]","[(95, 'cotton'), (5, 'elastane')]"
Hollister,Oversized Hoodie,Tops,Hoodie/Sweatshirt,"Body And Hood Lining:60% Cotton, 40% Recycled Polyester",39.95,"[(60, 'Cotton'), (40, 'Recycled Polyester')]","[(60, 'cotton'), (40, 'polyester')]"
Hollister,Oversized Angel Wings Graphic Crew Sweatshirt,Tops,Hoodie/Sweatshirt,"Body:60% Cotton, 40% Recycled Polyester",49.95,"[(60, 'Cotton'), (40, 'Recycled Polyester')]","[(60, 'cotton'), (40, 'polyester')]"
Hollister,Seamless Fabric Scoop Top,Tops,T-shirt,"Body:88% Polyester, 12% Elastane",19.95,"[(88, 'Polyester'), (12, 'Elastane')]","[(88, 'polyester'), (12, 'elastane')]"
Hollister,Low-Rise Poplin Shortie Shorts,Bottoms,Shorts,"Body:98% Cotton, 2% Elastane / Pocket Bag:65% Polyester, 35% Cotton",39.95,"[(98, 'Cotton'), (2, 'Elastane')]","[(98, 'cotton'), (2, 'elastane')]"
Hollister,Low-Rise Dark Wash Boot Jeans,Bottoms,Jeans,"Body:98% Cotton, 2% Elastane / Pocket Bag:80% Polyester, 20% Cotton",49.95,"[(98, 'Cotton'), (2, 'Elastane')]","[(98, 'cotton'), (2, 'elastane')]"
Hollister,Low-Rise Floral Back Pocket Poplin Shortie Shorts,Bottoms,Shorts,"Body:98% Cotton, 2% Elastane / Pocket Bag:65% Polyester, 35% Cotton",44.95,"[(98, 'Cotton'), (2, 'Elastane')]","[(98, 'cotton'), (2, 'elastane')]"
Hollister,Easy Dog Graphic Crew Sweater,Tops,Sweater/Cardigan,"Body:60% Cotton, 40% Polyester",49.95,"[(60, 'Cotton'), (40, 'Polyester')]","[(60, 'cotton'), (40, 'polyester')]"
Hollister,Taylor Reversible Tube Top,Tops,Tank/Cami,,14.95,[],[]
Hollister,Seamless Fabric Scoop Top,Tops,T-shirt,"Body:88% Polyester, 12% Elastane",19.95,"[(88, 'Polyester'), (12, 'Elastane')]","[(88, 'polyester'), (12, 'elastane')]"
Hollister,Easy Satin Tie Babydoll Top,Tops,Shirt/Blouse,"Body:100% Viscose / Elastic:67% Polyester, 33% Elastane / Lining:100% Polyester",29.95,"[(100, 'Viscose')]","[(100, 'viscose')]"
Hollister,Easy Long-Sleeve Butterfly Pattern Babydoll Top,Tops,Shirt/Blouse,"Body:94% Cotton, 6% Elastane",29.95,"[(94, 'Cotton'), (6, 'Elastane')]","[(94, 'cotton'), (6, 'elastane')]"
Hollister,Taylor Reversible Tube Top,Tops,Tank/Cami,"Body:96% Cotton, 4% Elastane",14.95,"[(96, 'Cotton'), (4, 'Elastane')]","[(96, 'cotton'), (4, 'elastane')]"
Hollister,Zip-Up Hoodie,Tops,Hoodie/Sweatshirt,"Body And Hood Lining:60% Cotton, 40% Polyester",44.95,"[(60, 'Cotton'), (40, 'Polyester')]","[(60, 'cotton'), (40, 'polyester')]"
Hollister,Seamless Fabric Long-Sleeve Crew Top,Tops,T-shirt,"Body:88% Polyester, 12% Elastane",19.95,"[(88, 'Polyester'), (12, 'Elastane')]","[(88, 'polyester'), (12, 'elastane')]"
Hollister,Hollister Feel Good Fleece Oversized Floral Pattern Hoodie,Tops,Hoodie/Sweatshirt,"Body:60% Cotton, 40% Polyester",44.95,"[(60, 'Cotton'), (40, 'Polyester')]","[(60, 'cotton'), (40, 'polyester')]"
Hollister,Satin Strapless Bow Bodycon Dress,Dresses & Jumpsuits,Dress,"Body:94% Polyester, 6% Elastane / Lace:100% Nylon / Lining:85% Polyester, 15% Elastane / Pad Foam:100% Polyurethane / Pad Lining:100% Polyester",69.95,"[(94, 'Polyester'), (6, 'Elastane')]","[(94, 'polyester'), (6, 'elastane')]"
Hollister,Seamless Fabric Scoop Top,Tops,T-shirt,"Body:88% Polyester, 12% Elastane",19.95,"[(88, 'Polyester'), (12, 'Elastane')]","[(88, 'polyester'), (12, 'elastane')]"
Hollister,Zip-Up Hoodie,Tops,Hoodie/Sweatshirt,"Body And Hood Lining:60% Cotton, 40% Polyester",44.95,"[(60, 'Cotton'), (40, 'Polyester')]","[(60, 'cotton'), (40, 'polyester')]"
Hollister,Satin Strapless Bow Bodycon Dress,Dresses & Jumpsuits,Dress,"Body:94% Polyester, 6% Elastane / Lace:100% Nylon / Lining:85% Polyester, 15% Elastane / Pad Foam:100% Polyurethane / Pad Lining:100% Polyester",69.95,"[(94, 'Polyester'), (6, 'Elastane')]","[(94, 'polyester'), (6, 'elastane')]"
Hollister,High-Rise Black Flare Jeans,Bottoms,Jeans,"Body:98% Cotton, 2% Elastane / Pocket Bag:80% Polyester, 20% Cotton",49.95,"[(98, 'Cotton'), (2, 'Elastane')]","[(98, 'cotton'), (2, 'elastane')]"
Hollister,Star Graphic Baggy Sweatpants,Bottoms,Trousers/Chinos,"Body And Pocket Bag:60% Cotton, 40% Polyester",49.95,"[(60, 'Cotton'), (40, 'Polyester')]","[(60, 'cotton'), (40, 'polyester')]"
Hollister,Oversized Varsity Graphic Hoodie,Tops,Hoodie/Sweatshirt,"Applique:100% Cotton / Body And Hood Lining:60% Cotton, 40% Polyester",49.95,"[(60, 'Cotton'), (40, 'Polyester')]","[(60, 'cotton'), (40, 'polyester')]"
Hollister,Stretch Poplin Embroidered Short-Sleeve Shirt,Tops,Shirt/Blouse,"Body:60% Cotton, 36% Polyester, 4% Elastane / Embroidery:100% Polyester",39.95,"[(60, 'Cotton'), (36, 'Polyester'), (4, 'Elastane')]","[(60, 'cotton'), (36, 'polyester'), (4, 'elastane')]"
Hollister,Off-the-Shoulder Hibiscus Graphic Tee,Tops,T-shirt,,24.95,[],[]
Hollister,Seamless Fabric Scoop Top,Tops,T-shirt,"Body:88% Polyester, 12% Elastane",19.95,"[(88, 'Polyester'), (12, 'Elastane')]","[(88, 'polyester'), (12, 'elastane')]"
Hollister,Crinkle Shine Flyaway Babydoll Top,Tops,Shirt/Blouse,"Body:100% Viscose / Elastic:71% Polyester, 29% Elastane / Lining:100% Polyester",39.95,"[(100, 'Viscose')]","[(100, 'viscose')]"
Hollister,Taylor Reversible Tube Top,Tops,Tank/Cami,"Body And Lining:95% Cotton, 5% Elastane / Body:96% Cotton, 4% Elastane",14.95,"[(95, 'Cotton'), (5, 'Elastane')]","[(95, 'cotton'), (5, 'elastane')]"
Hollister,Seamless Fabric Long-Sleeve Crew Top,Tops,T-shirt,"Body:88% Polyester, 12% Elastane",19.95,"[(88, 'Polyester'), (12, 'Elastane')]","[(88, 'polyester'), (12, 'elastane')]"
Hollister,Zip-Up Hoodie,Tops,Hoodie/Sweatshirt,"Body And Hood Lining:60% Cotton, 40% Polyester",44.95,"[(60, 'Cotton'), (40, 'Polyester')]","[(60, 'cotton'), (40, 'polyester')]"
Hollister,Class of '26 Baggy Sweatpants,Bottoms,Trousers/Chinos,"Body And Pocket Bag:60% Cotton, 40% Polyester / Embroidery:100% Polyester",49.95,"[(60, 'Cotton'), (40, 'Polyester')]","[(60, 'cotton'), (40, 'polyester')]"
Hollister,Oversized Class of '26 Graphic Hoodie,Tops,Hoodie/Sweatshirt,"Applique:60% Cotton, 40% Polyester / Body And Hood Lining:60% Cotton, 40% Polyester / Embroidery:100% Polyester",49.95,"[(60, 'Cotton'), (40, 'Polyester')]","[(60, 'cotton'), (40, 'polyester')]"
Hollister,Crinkle Shine Flyaway Babydoll Top,Tops,Shirt/Blouse,"Body:100% Viscose / Elastic:71% Polyester, 29% Elastane / Lining:100% Polyester",39.95,"[(100, 'Viscose')]","[(100, 'viscose')]"
Hollister,Low-Rise Medium Wash Star Graphic Baggy Jeans,Bottoms,Jeans,"Body:100% Cotton / Pocket Bag:80% Polyester, 20% Cotton",59.95,"[(100, 'Cotton')]","[(100, 'cotton')]"
Hollister,Easy Satin Tie Babydoll Top,Tops,Shirt/Blouse,"Body:100% Viscose / Elastic:67% Polyester, 33% Elastane / Lining:100% Polyester",29.95,"[(100, 'Viscose')]","[(100, 'viscose')]"
Hollister,Mid-Rise Khaki Boot Jeans,Bottoms,Jeans,"Body:98% Cotton, 2% Elastane / Pocket Bag:80% Polyester, 20% Cotton",49.95,"[(98, 'Cotton'), (2, 'Elastane')]","[(98, 'cotton'), (2, 'elastane')]"
Hollister,Easy Satin Tie Babydoll Top,Tops,Shirt/Blouse,"Body:100% Viscose / Elastic:67% Polyester, 33% Elastane / Lining:100% Polyester",29.95,"[(100, 'Viscose')]","[(100, 'viscose')]"
Hollister,Low-Rise Denim Mini Skort,Bottoms,Skirt,"Body:100% Cotton / Lining:88% Polyester, 12% Elastane / Pocket Bag:80% Polyester, 20% Cotton",39.95,"[(100, 'Cotton')]","[(100, 'cotton')]"
Hollister,Easy Crew Sweater,Tops,Sweater/Cardigan,"Body:60% Cotton, 40% Polyester",39.95,"[(60, 'Cotton'), (40, 'Polyester')]","[(60, 'cotton'), (40, 'polyester')]"
Hollister,Curvy High-Rise Medium Wash Flare Jeans,Bottoms,Jeans,"Body:98% Cotton, 2% Elastane / Pocket Bag:80% Polyester, 20% Cotton",49.95,"[(98, 'Cotton'), (2, 'Elastane')]","[(98, 'cotton'), (2, 'elastane')]"
Hollister,Easy Crew Sweater,Tops,Sweater/Cardigan,"Body:60% Cotton, 40% Polyester",39.95,"[(60, 'Cotton'), (40, 'Polyester')]","[(60, 'cotton'), (40, 'polyester')]"
Hollister,Seamless Fabric Scoop Top,Tops,T-shirt,"Body:88% Polyester, 12% Elastane",19.95,"[(88, 'Polyester'), (12, 'Elastane')]","[(88, 'polyester'), (12, 'elastane')]"
Hollister,Seamless Fabric Scoop Top,Tops,T-shirt,"Body:88% Polyester, 12% Elastane",19.95,"[(88, 'Polyester'), (12, 'Elastane')]","[(88, 'polyester'), (12, 'elastane')]"
Hollister,Gilly Hicks Active Recharge Flare Leggings,Bottoms,Trousers/Chinos,"Body:89% Recycled Polyester, 11% Elastane",49.95,"[(89, 'Recycled Polyester'), (11, 'Elastane')]","[(89, 'polyester'), (11, 'elastane')]"
Hollister,Satin Strapless Bow Bodycon Dress,Dresses & Jumpsuits,Dress,"Body:94% Polyester, 6% Elastane / Lace:100% Nylon / Lining:85% Polyester, 15% Elastane / Pad Foam:100% Polyurethane / Pad Lining:100% Polyester",69.95,"[(94, 'Polyester'), (6, 'Elastane')]","[(94, 'polyester'), (6, 'elastane')]"
Hollister,Class of '26 Oxford Boxer Shorts,Bottoms,Shorts,"Body And Pocket Bag:100% Cotton / Elastic:61% Nylon, 25% Polyester, 14% Elastane",19.95,"[(100, 'Cotton')]","[(100, 'cotton')]"
Hollister,Class of '26 Short-Sleeve Cotton Shirt,Tops,Shirt/Blouse,Body:100% Cotton,29.95,"[(100, 'Cotton')]","[(100, 'cotton')]"
Hollister,2026 Graphic Baggy Sweatpants,Bottoms,Trousers/Chinos,"Applique:60% Cotton, 40% Polyester / Body And Pocket Bag:60% Cotton, 40% Polyester / Embroidery:100% Polyester",49.95,"[(60, 'Cotton'), (40, 'Polyester')]","[(60, 'cotton'), (40, 'polyester')]"
Hollister,Oversized Class of '26 Graphic Hoodie,Tops,Hoodie/Sweatshirt,"Applique:60% Cotton, 40% Polyester / Body And Hood Lining:60% Cotton, 40% Polyester / Embroidery:100% Polyester",49.95,"[(60, 'Cotton'), (40, 'Polyester')]","[(60, 'cotton'), (40, 'polyester')]"
Hollister,Easy Crew Sweater,Tops,Sweater/Cardigan,"Body:60% Cotton, 40% Polyester",39.95,"[(60, 'Cotton'), (40, 'Polyester')]","[(60, 'cotton'), (40, 'polyester')]"
Hollister,Senior Graphic Baggy Sweatpants,Bottoms,Trousers/Chinos,"Applique:100% Cotton / Body And Pocket Bag:60% Cotton, 40% Polyester / Embroidery:100% Polyester",49.95,"[(60, 'Cotton'), (40, 'Polyester')]","[(60, 'cotton'), (40, 'polyester')]"
Hollister,Oversized Senior Graphic Hoodie,Tops,Hoodie/Sweatshirt,"Applique:60% Cotton, 40% Polyester / Body And Hood Lining:60% Cotton, 40% Polyester / Embroidery:100% Polyester",49.95,"[(60, 'Cotton'), (40, 'Polyester')]","[(60, 'cotton'), (40, 'polyester')]"
Hollister,Bow Graphic Baggy Sweatpants,Bottoms,Trousers/Chinos,"Body And Pocket Bag:60% Cotton, 40% Polyester",49.95,"[(60, 'Cotton'), (40, 'Polyester')]","[(60, 'cotton'), (40, 'polyester')]"
Hollister,Taylor Reversible Tube Top,Tops,Tank/Cami,"Body:96% Cotton, 4% Elastane",14.95,"[(96, 'Cotton'), (4, 'Elastane')]","[(96, 'cotton'), (4, 'elastane')]"
Hollister,Class of '26 Baggy Sweatpants,Bottoms,Trousers/Chinos,"Applique:60% Cotton, 40% Polyester / Body And Pocket Bag:60% Cotton, 40% Polyester / Embroidery:100% Polyester",49.95,"[(60, 'Cotton'), (40, 'Polyester')]","[(60, 'cotton'), (40, 'polyester')]"
Hollister,Oversized Class of '26 Graphic Hoodie,Tops,Hoodie/Sweatshirt,"Applique:100% Cotton / Body And Hood Lining:60% Cotton, 40% Polyester / Embroidery:100% Polyester",49.95,"[(60, 'Cotton'), (40, 'Polyester')]","[(60, 'cotton'), (40, 'polyester')]"
Hollister,Oversized Senior Graphic Hoodie,Tops,Hoodie/Sweatshirt,"Applique:100% Cotton / Body And Hood Lining:60% Cotton, 40% Polyester / Embroidery:100% Polyester",49.95,"[(60, 'Cotton'), (40, 'Polyester')]","[(60, 'cotton'), (40, 'polyester')]"
Hollister,Low-Rise Washed Black Denim Mini Skort,Bottoms,Skirt,"Body:100% Cotton / Lining:88% Polyester, 12% Elastane / Pocket Bag:80% Polyester, 20% Cotton",39.95,"[(100, 'Cotton')]","[(100, 'cotton')]"
Hollister,Class of '26 Baggy Sweatpants,Bottoms,Trousers/Chinos,"Applique:60% Cotton, 40% Polyester / Body And Pocket Bag:60% Cotton, 40% Polyester / Embroidery:100% Polyester",49.95,"[(60, 'Cotton'), (40, 'Polyester')]","[(60, 'cotton'), (40, 'polyester')]"
Hollister,Oversized Class of '26 Graphic Hoodie,Tops,Hoodie/Sweatshirt,"Applique:100% Cotton / Body And Hood Lining:60% Cotton, 40% Polyester / Embroidery:100% Polyester",49.95,"[(60, 'Cotton'), (40, 'Polyester')]","[(60, 'cotton'), (40, 'polyester')]"
Hollister,Low-Rise Denim Mini Skort,Bottoms,Skirt,"Body:100% Cotton / Lining:88% Polyester, 12% Elastane / Pocket Bag:80% Polyester, 20% Cotton",39.95,"[(100, 'Cotton')]","[(100, 'cotton')]"
Hollister,Low-Rise Medium Wash Baggy Jeans,Bottoms,Jeans,"Body:100% Cotton / Pocket Bag:80% Polyester, 20% Cotton",49.95,"[(100, 'Cotton')]","[(100, 'cotton')]"
Hollister,Class of '26 Graphic Baggy Sweatpants,Bottoms,Trousers/Chinos,"Body And Pocket Bag:60% Cotton, 40% Polyester / Embroidery:100% Polyester",49.95,"[(60, 'Cotton'), (40, 'Polyester')]","[(60, 'cotton'), (40, 'polyester')]"
Hollister,Low-Rise Class of '26 Denim Mini Skort,Bottoms,Skirt,"Body:100% Cotton / Lining:88% Polyester, 12% Elastane / Pocket Bag:80% Polyester, 20% Cotton",44.95,"[(100, 'Cotton')]","[(100, 'cotton')]"
Hollister,Low-Rise Dark Wash Class of '26 Embroidered Baggy Jeans,Bottoms,Jeans,"Body:100% Cotton / Pocket Bag:80% Polyester, 20% Cotton",59.95,"[(100, 'Cotton')]","[(100, 'cotton')]"
Hollister,Senior Graphic Baggy Sweatpants,Bottoms,Trousers/Chinos,"Applique:100% Cotton / Body And Pocket Bag:60% Cotton, 40% Polyester / Embroidery:100% Polyester",49.95,"[(60, 'Cotton'), (40, 'Polyester')]","[(60, 'cotton'), (40, 'polyester')]"
Hollister,Oversized Senior Graphic Hoodie,Tops,Hoodie/Sweatshirt,"Applique:100% Cotton / Body And Hood Lining:60% Cotton, 40% Polyester / Embroidery:100% Polyester",49.95,"[(60, 'Cotton'), (40, 'Polyester')]","[(60, 'cotton'), (40, 'polyester')]"
Hollister,Button-Front Mini Dress,Dresses & Jumpsuits,Dress,"Body:100% Cotton / Elastic:68% Polyester, 32% Elastodiene / Lining:100% Polyester",49.95,"[(100, 'Cotton')]","[(100, 'cotton')]"
Hollister,Button-Front Mini Dress,Dresses & Jumpsuits,Dress,"Body:100% Cotton / Elastic:68% Polyester, 32% Elastodiene / Lining:100% Polyester",49.95,"[(100, 'Cotton')]","[(100, 'cotton')]"
Hollister,Short-Sleeve Tuxedo Shirt,Tops,Shirt/Blouse,"Body:66% Cotton, 31% Polyester, 3% Elastane",39.95,"[(66, 'Cotton'), (31, 'Polyester'), (3, 'Elastane')]","[(66, 'cotton'), (31, 'polyester'), (3, 'elastane')]"
Hollister,Short-Sleeve Tuxedo Shirt,Tops,Shirt/Blouse,"Body:66% Cotton, 31% Polyester, 3% Elastane",39.95,"[(66, 'Cotton'), (31, 'Polyester'), (3, 'Elastane')]","[(66, 'cotton'), (31, 'polyester'), (3, 'elastane')]"
Hollister,Ruched Babydoll Top,Tops,Shirt/Blouse,"Body:100% Cotton / Elastic:69% Polyester, 31% Elastane / Lining:100% Polyester",29.95,"[(100, 'Cotton')]","[(100, 'cotton')]"
Hollister,Ruched Babydoll Top,Tops,Shirt/Blouse,"Body:100% Cotton / Elastic:69% Polyester, 31% Elastane / Lining:100% Polyester",29.95,"[(100, 'Cotton')]","[(100, 'cotton')]"
Hollister,Stretch Poplin Button-Through Shirt,Tops,Shirt/Blouse,"Body:60% Cotton, 36% Polyester, 4% Elastane",39.95,"[(60, 'Cotton'), (36, 'Polyester'), (4, 'Elastane')]","[(60, 'cotton'), (36, 'polyester'), (4, 'elastane')]"
Hollister,Button-Front Mini Dress,Dresses & Jumpsuits,Dress,"Body:100% Cotton / Elastic:71% Polyester, 29% Elastane / Lining:100% Polyester",49.95,"[(100, 'Cotton')]","[(100, 'cotton')]"
Mexx,Bodywarmer Belted Black,Outerwear,Jacket,100% Polyester,142.99,"[(100, 'Polyester')]","[(100, 'polyester')]"
Mexx,Jacket Puffer Anthracite,Outerwear,Jacket,"78% Polyester, 4% Elastane, 18% Viscose",186.99,"[(78, 'Polyester'), (4, 'Elastane'), (18, 'Viscose')]","[(78, 'polyester'), (18, 'viscose'), (4, 'elastane')]"
Mexx,Long puffer Jacket Beige,Outerwear,Jacket,100% Polyamide,208.99,"[(100, 'Polyamide')]","[(100, 'nylon')]"
Mexx,Teddy Jacket Brown,Outerwear,Jacket,100% Polyester,175.99,"[(100, 'Polyester')]","[(100, 'polyester')]"
Mexx,Short Puffer Jacket Off White,Outerwear,Jacket,100% Polyester,186.99,"[(100, 'Polyester')]","[(100, 'polyester')]"
Mexx,Short Puffer Jacket Blue,Outerwear,Jacket,100% Polyester,186.99,"[(100, 'Polyester')]","[(100, 'polyester')]"
Mexx,Skirt Ruffle Strings Cream,Bottoms,Skirt,100% Polyester,76.99,"[(100, 'Polyester')]","[(100, 'polyester')]"
Mexx,T-shirt Primrose Rib Dark Red,Tops,T-shirt,100% Cotton,43.99,"[(100, 'Cotton')]","[(100, 'cotton')]"
Mexx,Pants Buttoned Waist Light Pink,Bottoms,Trousers/Chinos,"72% Polyester, 23% Viscose, 5% Elastane",109.99,"[(72, 'Polyester'), (23, 'Viscose'), (5, 'Elastane')]","[(72, 'polyester'), (23, 'viscose'), (5, 'elastane')]"
Mexx,Dress Bold flower Pink,Dresses & Jumpsuits,Dress,100% Viscose,131.99,"[(100, 'Viscose')]","[(100, 'viscose')]"
Mexx,Blouse Embroidery Off White,Tops,Shirt/Blouse,100% Viscose,98.99,"[(100, 'Viscose')]","[(100, 'viscose')]"
Mexx,Blouse Puff Sleeve Gathering Pink,Tops,Shirt/Blouse,100% Viscose,98.99,"[(100, 'Viscose')]","[(100, 'viscose')]"
Mexx,Blouse Rosa Black,Tops,Shirt/Blouse,100% Cotton,65.99,"[(100, 'Cotton')]","[(100, 'cotton')]"
Mexx,Jeans Classic slim Blue,Bottoms,Jeans,"98% Cotton, 2% Elastane",98.99,"[(98, 'Cotton'), (2, 'Elastane')]","[(98, 'cotton'), (2, 'elastane')]"
Mexx,Wrap Dress Long Sleeve Black,Dresses & Jumpsuits,Dress,100% Viscose,109.99,"[(100, 'Viscose')]","[(100, 'viscose')]"
Mexx,Top Striped Black/White,Tops,Shirt/Blouse,"35% Polyester, 65% Cotton",60.49,"[(35, 'Polyester'), (65, 'Cotton')]","[(65, 'cotton'), (35, 'polyester')]"
Mexx,Bomberjack Long Sleeve Black,Outerwear,Jacket,"72% Polyester, 22% Viscose, 6% Elastane",131.99,"[(72, 'Polyester'), (22, 'Viscose'), (6, 'Elastane')]","[(72, 'polyester'), (22, 'viscose'), (6, 'elastane')]"
Mexx,Pants Belted Tapered Black,Bottoms,Trousers/Chinos,"72% Polyester, 22% Viscose, 6% Elastane",120.99,"[(72, 'Polyester'), (22, 'Viscose'), (6, 'Elastane')]","[(72, 'polyester'), (22, 'viscose'), (6, 'elastane')]"
Mexx,Top V-back Cream,Tops,Shirt/Blouse,"95% Viscose, 5% Elastane",65.99,"[(95, 'Viscose'), (5, 'Elastane')]","[(95, 'viscose'), (5, 'elastane')]"
Mexx,Knit cardigan Peony Cream,Tops,Sweater/Cardigan,"80% Viscose, 20% Polyamide",76.99,"[(80, 'Viscose'), (20, 'Polyamide')]","[(80, 'viscose'), (20, 'nylon')]"
Mexx,Top Knitted Relief Brown,Tops,Shirt/Blouse,"65% Viscose, 35% Polyamide",65.99,"[(65, 'Viscose'), (35, 'Polyamide')]","[(65, 'viscose'), (35, 'nylon')]"
Mexx,Spencer Fancy Mustard Yellow,Tops,Shirt/Blouse,"60% Cotton, 40% Acrylic",87.99,"[(60, 'Cotton'), (40, 'Acrylic')]","[(60, 'cotton'), (40, 'acrylic')]"
Mexx,T-shirt Print Cream,Tops,T-shirt,100% Cotton,43.99,"[(100, 'Cotton')]","[(100, 'cotton')]"
Mexx,Top Gerbera Mustard Yellow,Tops,Shirt/Blouse,"80% Viscose, 20% Polyamide",60.49,"[(80, 'Viscose'), (20, 'Polyamide')]","[(80, 'viscose'), (20, 'nylon')]"
Mexx,Knit Cardigan Peony Mustard Yellow,Tops,Sweater/Cardigan,"80% Viscose, 20% Polyamide",76.99,"[(80, 'Viscose'), (20, 'Polyamide')]","[(80, 'viscose'), (20, 'nylon')]"
Mexx,Pants Tweed Straight Taupe,Bottoms,Trousers/Chinos,100% Polyester,131.99,"[(100, 'Polyester')]","[(100, 'polyester')]"
Mexx,Skirt Tweed Taupe,Bottoms,Skirt,100% Polyester,87.99,"[(100, 'Polyester')]","[(100, 'polyester')]"
Mexx,Gilet Sleeveless Tweed Taupe,Tops,Shirt/Blouse,100% Polyester,109.99,"[(100, 'Polyester')]","[(100, 'polyester')]"
Mexx,Blouse Chamomile Tencel Green,Tops,Shirt/Blouse,"86% Lyocell, 14% Polyester",87.99,"[(86, 'Lyocell'), (14, 'Polyester')]","[(86, 'lyocell'), (14, 'polyester')]"
Mexx,Blouse Heavy lace White,Tops,Shirt/Blouse,"71% Viscose, 29% Polyamide",87.99,"[(71, 'Viscose'), (29, 'Polyamide')]","[(71, 'viscose'), (29, 'nylon')]"
Mexx,Top Woven Allover Print Beige,Tops,Shirt/Blouse,100% Viscose,87.99,"[(100, 'Viscose')]","[(100, 'viscose')]"
Mexx,Dress Heavy lace Yellow Brown,Dresses & Jumpsuits,Dress,"71% Viscose, 29% Polyamide",131.99,"[(71, 'Viscose'), (29, 'Polyamide')]","[(71, 'viscose'), (29, 'nylon')]"
Mexx,Skirt Satin Printed Maxi Beige,Bottoms,Skirt,100% Viscose,98.99,"[(100, 'Viscose')]","[(100, 'viscose')]"
Mexx,Bomberjack Tweed Oversized Taupe,Outerwear,Jacket,100% Polyester,153.99,"[(100, 'Polyester')]","[(100, 'polyester')]"
Mexx,T-shirt Embroidery Oversized Black,Tops,T-shirt,100% Cotton,43.99,"[(100, 'Cotton')]","[(100, 'cotton')]"
Mexx,Skirt Iceflower Multi Black,Bottoms,Skirt,"97% Polyester, 3% Elastane",98.99,"[(97, 'Polyester'), (3, 'Elastane')]","[(97, 'polyester'), (3, 'elastane')]"
Mexx,Long Coat Logo Quilted Dark Red,Outerwear,Coat,100% Polyester,229.9,"[(100, 'Polyester')]","[(100, 'polyester')]"
Mexx,Long Puffer Jacket Black,Outerwear,Jacket,100% Polyamide,208.99,"[(100, 'Polyamide')]","[(100, 'nylon')]"
Mexx,Andrea High Waist / Skinny Jeans,Bottoms,Jeans,98% Cotton 2% Elastane,98.99,"[(98, 'Cotton'), (2, 'Elastane')]","[(98, 'cotton'), (2, 'elastane')]"
Mexx,Pants Cosmea Classic Tapered Black,Bottoms,Trousers/Chinos,"52% Cotton, 45% Polyester, 3% Elastane",87.99,"[(52, 'Cotton'), (45, 'Polyester'), (3, 'Elastane')]","[(52, 'cotton'), (45, 'polyester'), (3, 'elastane')]"
Mexx,Top Gerbera Cream,Tops,Shirt/Blouse,"80% Viscose, 20% Polyamide",60.49,"[(80, 'Viscose'), (20, 'Polyamide')]","[(80, 'viscose'), (20, 'nylon')]"
C&A,Bouclé cardigan,Tops,Sweater/Cardigan,['78% Cotton | 18% Polyester | 4% Nylon'],39.99,"[(78, 'Cotton'), (18, 'Polyester'), (4, 'Nylon')]","[(78, 'cotton'), (18, 'polyester'), (4, 'nylon')]"
C&A,Long cardigan,Tops,Sweater/Cardigan,['78% Viscose | 22% Nylon'],25.99,"[(78, 'Viscose'), (22, 'Nylon')]","[(78, 'viscose'), (22, 'nylon')]"
C&A,Mesh dress - floral,Dresses & Jumpsuits,Dress,['95% Polyester | 5% Elastane'],25.99,"[(95, 'Polyester'), (5, 'Elastane')]","[(95, 'polyester'), (5, 'elastane')]"
C&A,Technical joggers - 4 Way Stretch,Bottoms,Trousers/Chinos,"['Main part: 77% Polyester | 23% Elastane', 'Pocket: 77% Polyester | 23% Elastane']",25.99,"[(77, 'Polyester'), (23, 'Elastane')]","[(77, 'polyester'), (23, 'elastane')]"
C&A,Multipack of 2 - basic turtleneck top - ribbed,Tops,T-shirt,"['95% Cotton | 5% Elastane', '95% Cotton | 5% Elastane']",25.99,"[(95, 'Cotton'), (5, 'Elastane')]","[(95, 'cotton'), (5, 'elastane')]"
C&A,Multipack of 2 - basic turtleneck top - ribbed,Tops,T-shirt,"['95% Cotton | 5% Elastane', '95% Cotton | 5% Elastane']",25.99,"[(95, 'Cotton'), (5, 'Elastane')]","[(95, 'cotton'), (5, 'elastane')]"
C&A,Knitted dress,Dresses & Jumpsuits,Dress,['40% Acrylic | 40% Viscose | 20% Nylon'],25.99,"[(40, 'Acrylic'), (40, 'Viscose'), (20, 'Nylon')]","[(40, 'acrylic'), (40, 'viscose'), (20, 'nylon')]"
C&A,Pleated skirt,Bottoms,Skirt,['44% Viscose | 28% Polyester | 28% Polyamide'],29.99,"[(44, 'Viscose'), (28, 'Polyester'), (28, 'Polyamide')]","[(44, 'viscose'), (28, 'polyester'), (28, 'nylon')]"
C&A,Jacket with hood - water-repellent,Outerwear,Jacket,['100% Nylon'],29.99,"[(100, 'Nylon')]","[(100, 'nylon')]"
C&A,Quilted gilet,Outerwear,Jacket,['100% Polyester'],29.99,"[(100, 'Polyester')]","[(100, 'polyester')]"
C&A,Slim jeans - high waist - LYCRA®,Bottoms,Jeans,['78% Cotton | 20% Polyester | 2% Elastane (LYCRAÂ®)'],29.99,"[(78, 'Cotton'), (20, 'Polyester')]","[(78, 'cotton'), (20, 'polyester')]"
C&A,Long cardigan - ribbed,Tops,Sweater/Cardigan,['100% Acrylic'],29.99,"[(100, 'Acrylic')]","[(100, 'acrylic')]"
C&A,Faux fur jacket with hood,Outerwear,Jacket,['100% Polyester'],29.99,"[(100, 'Polyester')]","[(100, 'polyester')]"
C&A,Wide leg jeans - high waist,Bottoms,Jeans,['99% Cotton | 1% Elastane'],29.99,"[(99, 'Cotton'), (1, 'Elastane')]","[(99, 'cotton'), (1, 'elastane')]"
C&A,Jeans,Bottoms,Jeans,['100% Cotton'],29.99,"[(100, 'Cotton')]","[(100, 'cotton')]"
C&A,Cloth trousers - high waist - slim fit,Bottoms,Trousers/Chinos,['54% Modal | 41% Polyester | 3% Viscose | 2% Elastane'],29.99,"[(54, 'Modal'), (41, 'Polyester'), (3, 'Viscose'), (2, 'Elastane')]","[(57, 'viscose'), (41, 'polyester'), (2, 'elastane')]"
C&A,Jumper - ribbed,Tops,Sweater/Cardigan,['50% Viscose | 28% Polyester | 22% Nylon'],29.99,"[(50, 'Viscose'), (28, 'Polyester'), (22, 'Nylon')]","[(50, 'viscose'), (28, 'polyester'), (22, 'nylon')]"
C&A,Multipack of 2 - basic long sleeve top,Tops,T-shirt,"['100% Cotton', '100% Cotton']",29.99,"[(100, 'Cotton')]","[(100, 'cotton')]"
C&A,Bootcut jeans - high waist,Bottoms,Jeans,['99% Cotton | 1% Elastane'],29.99,"[(99, 'Cotton'), (1, 'Elastane')]","[(99, 'cotton'), (1, 'elastane')]"
C&A,Loose flared jeans - mid-rise waist,Bottoms,Jeans,['99% Cotton | 1% Elastane'],29.99,"[(99, 'Cotton'), (1, 'Elastane')]","[(99, 'cotton'), (1, 'elastane')]"
C&A,Wide leg jeans - high waist,Bottoms,Trousers/Chinos,['98% Cotton | 2% Elastane'],29.99,"[(98, 'Cotton'), (2, 'Elastane')]","[(98, 'cotton'), (2, 'elastane')]"
C&A,Jersey trousers - mid-rise waist - tapered fit,Bottoms,Trousers/Chinos,['68% Viscose | 27% Polyamide | 5% Elastane'],29.99,"[(68, 'Viscose'), (27, 'Polyamide'), (5, 'Elastane')]","[(68, 'viscose'), (27, 'nylon'), (5, 'elastane')]"
C&A,Jersey trousers - mid-rise waist - tapered fit,Bottoms,Trousers/Chinos,['68% Viscose | 27% Polyamide | 5% Elastane'],29.99,"[(68, 'Viscose'), (27, 'Polyamide'), (5, 'Elastane')]","[(68, 'viscose'), (27, 'nylon'), (5, 'elastane')]"
C&A,Jersey trousers - mid-rise waist - tapered fit,Bottoms,Trousers/Chinos,['68% Viscose | 27% Polyamide | 5% Elastane'],29.99,"[(68, 'Viscose'), (27, 'Polyamide'), (5, 'Elastane')]","[(68, 'viscose'), (27, 'nylon'), (5, 'elastane')]"
C&A,Knitted jumper - short sleeve,Tops,Sweater/Cardigan,['66% Polyester | 25% Acrylic | 6% Wool | 3% Elastane'],29.99,"[(66, 'Polyester'), (25, 'Acrylic'), (6, 'Wool'), (3, 'Elastane')]","[(66, 'polyester'), (25, 'acrylic'), (6, 'wool'), (3, 'elastane')]"
C&A,Cloth trousers with belt - high waist - wide leg,Bottoms,Trousers/Chinos,"['58% Viscose | 34% Nylon | 8% Elastane', '100% Polyurethane']",35.99,"[(58, 'Viscose'), (34, 'Nylon'), (8, 'Elastane')]","[(58, 'viscose'), (34, 'nylon'), (8, 'elastane')]"
C&A,Cloth trousers with belt - high-rise waist - wide leg,Bottoms,Trousers/Chinos,"['96% Polyester | 4% Elastane', '100% Polyurethane']",35.99,"[(96, 'Polyester'), (4, 'Elastane')]","[(96, 'polyester'), (4, 'elastane')]"
C&A,Quilted jacket,Outerwear,Jacket,['100% Polyester'],39.99,"[(100, 'Polyester')]","[(100, 'polyester')]"
C&A,Long blazer- regular fit,Outerwear,Blazer,['74% Polyester | 23% Viscose | 3% Elastane'],39.99,"[(74, 'Polyester'), (23, 'Viscose'), (3, 'Elastane')]","[(74, 'polyester'), (23, 'viscose'), (3, 'elastane')]"
C&A,Long blazer- regular fit,Outerwear,Blazer,['74% Polyester | 23% Viscose | 3% Elastane'],39.99,"[(74, 'Polyester'), (23, 'Viscose'), (3, 'Elastane')]","[(74, 'polyester'), (23, 'viscose'), (3, 'elastane')]"
C&A,Long blazer- regular fit,Outerwear,Blazer,['74% Polyester | 23% Viscose | 3% Elastane'],39.99,"[(74, 'Polyester'), (23, 'Viscose'), (3, 'Elastane')]","[(74, 'polyester'), (23, 'viscose'), (3, 'elastane')]"
C&A,Business blazer - fitted,Outerwear,Blazer,['77% Polyester | 19% Viscose | 4% Elastane'],35.99,"[(77, 'Polyester'), (19, 'Viscose'), (4, 'Elastane')]","[(77, 'polyester'), (19, 'viscose'), (4, 'elastane')]"
C&A,Business blazer - fitted,Outerwear,Blazer,['77% Polyester | 19% Viscose | 4% Elastane'],35.99,"[(77, 'Polyester'), (19, 'Viscose'), (4, 'Elastane')]","[(77, 'polyester'), (19, 'viscose'), (4, 'elastane')]"
C&A,Denim shirt dress,Dresses & Jumpsuits,Dress,"['Main part: 100% Cotton', 'Belt: 100% Cotton']",35.99,"[(100, 'Cotton')]","[(100, 'cotton')]"
C&A,Cardigan with belt,Tops,Sweater/Cardigan,"['78% Polyester | 16% Viscose | 6% Wool', '100% Polyurethane']",39.99,"[(78, 'Polyester'), (16, 'Viscose'), (6, 'Wool')]","[(78, 'polyester'), (16, 'viscose'), (6, 'wool')]"
C&A,Cropped denim jacket,Outerwear,Jacket,"['Main part: 100% Cotton', 'Sleeve: 100% Cotton']",39.99,"[(100, 'Cotton')]","[(100, 'cotton')]"
C&A,Barrel jeans - high waist,Bottoms,Jeans,['76% Cotton | 24% Viscose'],39.99,"[(76, 'Cotton'), (24, 'Viscose')]","[(76, 'cotton'), (24, 'viscose')]"
C&A,Trench coat,Outerwear,Coat,"['Main part: 100% Polyester', 'Sleeve: 100% Polyester', 'Belt: 100% Polyester']",49.99,"[(100, 'Polyester')]","[(100, 'polyester')]"
C&A,Blazer,Outerwear,Blazer,"['Body: 66% Polyester | 28% Viscose | 6% Elastane', 'Sleeve: 66% Polyester | 28% Viscose | 6% Elastane']",49.99,"[(66, 'Polyester'), (28, 'Viscose'), (6, 'Elastane')]","[(66, 'polyester'), (28, 'viscose'), (6, 'elastane')]"
C&A,Basic leggings,Bottoms,Trousers/Chinos,['95% Cotton | 5% Elastane'],9.99,"[(95, 'Cotton'), (5, 'Elastane')]","[(95, 'cotton'), (5, 'elastane')]"
C&A,T-shirt - slim fit,Tops,T-shirt,['95% Cotton | 5% Elastane'],7.99,"[(95, 'Cotton'), (5, 'Elastane')]","[(95, 'cotton'), (5, 'elastane')]"
C&A,Basic long sleeve top - slim fit,Tops,T-shirt,['95% Cotton | 5% Elastane'],9.99,"[(95, 'Cotton'), (5, 'Elastane')]","[(95, 'cotton'), (5, 'elastane')]"
C&A,Long blazer - regular fit - textured,Outerwear,Blazer,['68% Polyester | 31% Viscose | 1% Elastane'],59.99,"[(68, 'Polyester'), (31, 'Viscose'), (1, 'Elastane')]","[(68, 'polyester'), (31, 'viscose'), (1, 'elastane')]"
C&A,Blazer,Outerwear,Blazer,['69% Polyester | 29% Viscose | 2% Elastane'],59.99,"[(69, 'Polyester'), (29, 'Viscose'), (2, 'Elastane')]","[(69, 'polyester'), (29, 'viscose'), (2, 'elastane')]"
C&A,Basic sweatshirt,Tops,Hoodie/Sweatshirt,['80% Cotton | 20% Polyester'],17.99,"[(80, 'Cotton'), (20, 'Polyester')]","[(80, 'cotton'), (20, 'polyester')]"
C&A,Basic sweatshirt,Tops,Hoodie/Sweatshirt,['80% Cotton | 20% Polyester'],17.99,"[(80, 'Cotton'), (20, 'Polyester')]","[(80, 'cotton'), (20, 'polyester')]"
C&A,Basic sweatshirt,Tops,Hoodie/Sweatshirt,['80% Cotton | 20% Polyester'],17.99,"[(80, 'Cotton'), (20, 'Polyester')]","[(80, 'cotton'), (20, 'polyester')]"
C&A,Basic joggers,Bottoms,Trousers/Chinos,['80% Cotton | 20% Polyester'],19.99,"[(80, 'Cotton'), (20, 'Polyester')]","[(80, 'cotton'), (20, 'polyester')]"
C&A,Jumper - ribbed,Tops,Sweater/Cardigan,['72% Viscose | 28% Nylon'],15.99,"[(72, 'Viscose'), (28, 'Nylon')]","[(72, 'viscose'), (28, 'nylon')]"
C&A,Multipack of 2 - basic long sleeve top,Tops,T-shirt,['95% Cotton | 5% Elastane'],19.99,"[(95, 'Cotton'), (5, 'Elastane')]","[(95, 'cotton'), (5, 'elastane')]"
C&A,Cashmere jumper,Tops,Sweater/Cardigan,['100% Cashmere'],79.99,"[(100, 'Cashmere')]","[(100, 'wool')]"
C&A,Satin blouse - floral,Tops,Shirt/Blouse,['100% Polyester'],19.99,"[(100, 'Polyester')]","[(100, 'polyester')]"
C&A,Basic jersey trousers - mid-rise waist - straight fit,Bottoms,Trousers/Chinos,['53% Modal | 32% Polyester | 15% Elastane'],25.99,"[(53, 'Modal'), (32, 'Polyester'), (15, 'Elastane')]","[(53, 'viscose'), (32, 'polyester'), (15, 'elastane')]"
C&A,Fit & flare dress with belt - textured,Dresses & Jumpsuits,Dress,"['99% Polyester | 1% Elastane', '99% Polyester | 1% Elastane']",22.99,"[(99, 'Polyester'), (1, 'Elastane')]","[(99, 'polyester'), (1, 'elastane')]"
C&A,Jersey trousers - high waist - slim fit,Bottoms,Trousers/Chinos,['68% Viscose | 28% Nylon | 4% Elastane'],25.99,"[(68, 'Viscose'), (28, 'Nylon'), (4, 'Elastane')]","[(68, 'viscose'), (28, 'nylon'), (4, 'elastane')]"
C&A,Business trousers - mid-rise waist - slim fit,Bottoms,Trousers/Chinos,['77% Polyester | 19% Viscose | 4% Elastane'],25.99,"[(77, 'Polyester'), (19, 'Viscose'), (4, 'Elastane')]","[(77, 'polyester'), (19, 'viscose'), (4, 'elastane')]"
C&A,Jersey trousers - mid-rise waist - tapered fit,Bottoms,Trousers/Chinos,['68% Viscose | 27% Polyamide | 5% Elastane'],29.99,"[(68, 'Viscose'), (27, 'Polyamide'), (5, 'Elastane')]","[(68, 'viscose'), (27, 'nylon'), (5, 'elastane')]"
C&A,Cloth trousers with belt - high-rise waist - wide leg,Bottoms,Trousers/Chinos,"['96% Polyester | 4% Elastane', '100% Polyurethane']",35.99,"[(96, 'Polyester'), (4, 'Elastane')]","[(96, 'polyester'), (4, 'elastane')]"
C&A,Trench coat,Outerwear,Coat,"['Main part: 100% Polyester', 'Sleeve: 100% Polyester', 'Belt: 100% Polyester']",49.99,"[(100, 'Polyester')]","[(100, 'polyester')]"
C&A,Wide leg jeans - high waist,Bottoms,Jeans,['99% Cotton | 1% Elastane'],29.99,"[(99, 'Cotton'), (1, 'Elastane')]","[(99, 'cotton'), (1, 'elastane')]"
Superdry,Athletic Tonal Oversized T-Shirt,Tops,T-shirt,cotton 100%,39.95,"[(100, 'cotton')]","[(100, 'cotton')]"
Superdry,Athletic Essentials Graphic Polo Shirt,Tops,Shirt/Blouse,"elastane 3%, cotton 97%",54.95,"[(3, 'elastane'), (97, 'cotton')]","[(97, 'cotton'), (3, 'elastane')]"
Superdry,The Merchant Store - Oversized Linen Overshirt,Tops,Shirt/Blouse,"linen 35%, cotton 65%",109.95,"[(35, 'linen'), (65, 'cotton')]","[(65, 'cotton'), (35, 'linen')]"
Superdry,Athletic Essentials Ribbed Tank Dress,Dresses & Jumpsuits,Dress,Organic Cotton 100%,44.95,"[(100, 'Organic Cotton')]","[(100, 'cotton')]"
Superdry,Essential Logo Garment Dye Vest Top,Tops,Shirt/Blouse,cotton 100%,26.95,"[(100, 'cotton')]","[(100, 'cotton')]"
Superdry,Athletic Essentials Oversized Crew Sweatshirt,Tops,Hoodie/Sweatshirt,cotton 100%,69.95,"[(100, 'cotton')]","[(100, 'cotton')]"
Superdry,Casual Linen Boyfriend Shirt,Tops,Shirt/Blouse,"linen 55%, cotton 45%",99.95,"[(55, 'linen'), (45, 'cotton')]","[(55, 'linen'), (45, 'cotton')]"
Superdry,Athletic Essentials Graphic Pointelle Cami Top,Tops,Shirt/Blouse,Organic Cotton 100%,29.95,"[(100, 'Organic Cotton')]","[(100, 'cotton')]"
Superdry,Athletic Essentials Tonal Embroidered Shorts,Bottoms,Shorts,cotton 100%,44.95,"[(100, 'cotton')]","[(100, 'cotton')]"
Superdry,Essential Logo Racer Vest Top,Tops,Shirt/Blouse,cotton 100%,26.95,"[(100, 'cotton')]","[(100, 'cotton')]"
Superdry,Bardot Off Shoulder Top,Tops,Shirt/Blouse,Organic Cotton 100%,36.95,"[(100, 'Organic Cotton')]","[(100, 'cotton')]"
Superdry,Athletic Essentials Graphic Pointelle Cami Top,Tops,Shirt/Blouse,Organic Cotton 100%,29.95,"[(100, 'Organic Cotton')]","[(100, 'cotton')]"
Superdry,Studios Lightweight Racer Vest Top,Tops,Shirt/Blouse,Organic Cotton 100%,26.95,"[(100, 'Organic Cotton')]","[(100, 'cotton')]"
Superdry,Mountain Windbreaker Jacket,Outerwear,Jacket,Recycled Polyester 100%,129.95,"[(100, 'Recycled Polyester')]","[(100, 'polyester')]"
Superdry,Essential Logo Garment Dye Vest Top,Tops,Shirt/Blouse,cotton 100%,26.95,"[(100, 'cotton')]","[(100, 'cotton')]"
Superdry,Beach Resort Shirt,Tops,T-shirt,viscose 100%,59.95,"[(100, 'viscose')]","[(100, 'viscose')]"
Superdry,Oversized Midi Shirt Dress,Dresses & Jumpsuits,Dress,cotton 100%,62.96,"[(100, 'cotton')]","[(100, 'cotton')]"
Superdry,Slim Oxford Long Sleeve Shirt,Tops,Shirt/Blouse,Organic Cotton 100%,69.95,"[(100, 'Organic Cotton')]","[(100, 'cotton')]"
Superdry,Essential Logo Racer Vest Top,Tops,Shirt/Blouse,cotton 100%,26.95,"[(100, 'cotton')]","[(100, 'cotton')]"
Superdry,Old School Tattoo Oversized Crew Sweatshirt,Tops,Hoodie/Sweatshirt,cotton 100%,74.95,"[(100, 'cotton')]","[(100, 'cotton')]"
Superdry,Athletic Tonal Oversized T-Shirt,Tops,T-shirt,cotton 100%,39.95,"[(100, 'cotton')]","[(100, 'cotton')]"
Superdry,Ibiza Lace Blouse,Tops,Shirt/Blouse,cotton 100%,69.95,"[(100, 'cotton')]","[(100, 'cotton')]"
Superdry,Athletic Essentials Tonal Applique Crew Sweatshirt,Tops,Hoodie/Sweatshirt,cotton 100%,74.95,"[(100, 'cotton')]","[(100, 'cotton')]"
Superdry,Athletic Essentials Tonal Applique Crew Sweatshirt,Tops,Hoodie/Sweatshirt,cotton 100%,74.95,"[(100, 'cotton')]","[(100, 'cotton')]"
Superdry,Old School Tattoo Oversized Zip Hoodie,Tops,Hoodie/Sweatshirt,cotton 100%,99.95,"[(100, 'cotton')]","[(100, 'cotton')]"
Superdry,Broderie Tiered Mini Dress,Dresses & Jumpsuits,Dress,cotton 100%,59.46,"[(100, 'cotton')]","[(100, 'cotton')]"
Superdry,Short Sleeve Printed Mini Wrap Dress,Dresses & Jumpsuits,Dress,viscose 100%,48.96,"[(100, 'viscose')]","[(100, 'viscose')]"
Superdry,Athletic Tonal Oversized T-Shirt,Tops,T-shirt,cotton 100%,39.95,"[(100, 'cotton')]","[(100, 'cotton')]"
Superdry,Surf Logo Fitted T-Shirt,Tops,T-shirt,cotton 100%,39.95,"[(100, 'cotton')]","[(100, 'cotton')]"
Superdry,Venue Metallic Relaxed T-Shirt,Tops,T-shirt,Organic Cotton 100%,31.46,"[(100, 'Organic Cotton')]","[(100, 'cotton')]"
Superdry,Studios Hoodie,Tops,Hoodie/Sweatshirt,"Recycled Polyester 25%, cotton 75%",74.95,"[(25, 'Recycled Polyester'), (75, 'cotton')]","[(75, 'cotton'), (25, 'polyester')]"
Superdry,Athletic Tonal Embroidered Wide Leg Joggers,Bottoms,Trousers/Chinos,cotton 100%,69.95,"[(100, 'cotton')]","[(100, 'cotton')]"
Superdry,Bardot Off Shoulder Top,Tops,Shirt/Blouse,Organic Cotton 100%,36.95,"[(100, 'Organic Cotton')]","[(100, 'cotton')]"
Superdry,Short Sleeve Embroidered Button Top,Tops,Shirt/Blouse,cotton 100%,59.95,"[(100, 'cotton')]","[(100, 'cotton')]"
Superdry,Scoop Neck T-Shirt,Tops,T-shirt,"TENCEL™ Lyocell 40%, cotton 60%",29.95,"[(40, 'TENCEL™ Lyocell'), (60, 'cotton')]","[(60, 'cotton'), (40, 'lyocell')]"
Superdry,Studios Scoop Neck T-Shirt,Tops,T-shirt,"lyocell 40%, cotton 60%",29.95,"[(40, 'lyocell'), (60, 'cotton')]","[(60, 'cotton'), (40, 'lyocell')]"
Superdry,Scoop Neck T-Shirt,Tops,T-shirt,"lyocell 40%, cotton 60%",29.95,"[(40, 'lyocell'), (60, 'cotton')]","[(60, 'cotton'), (40, 'lyocell')]"
Superdry,Studios Scoop Neck T-Shirt,Tops,T-shirt,"TENCEL™ Lyocell 40%, cotton 60%",29.95,"[(40, 'TENCEL™ Lyocell'), (60, 'cotton')]","[(60, 'cotton'), (40, 'lyocell')]"
Superdry,Velour Zip Hoodie,Tops,Hoodie/Sweatshirt,"cotton 80%, polyester 20%",84.95,"[(80, 'cotton'), (20, 'polyester')]","[(80, 'cotton'), (20, 'polyester')]"
Superdry,Oversized Textured Stripe Pocket T-Shirt,Tops,T-shirt,cotton 100%,39.95,"[(100, 'cotton')]","[(100, 'cotton')]"
Superdry,Scoop Neck Tank Top,Tops,Shirt/Blouse,"lyocell 40%, cotton 60%",26.95,"[(40, 'lyocell'), (60, 'cotton')]","[(60, 'cotton'), (40, 'lyocell')]"
Superdry,Ladder Trim Cami Top,Tops,Shirt/Blouse,cotton 100%,39.95,"[(100, 'cotton')]","[(100, 'cotton')]"
Superdry,Mid Rise Chino,Bottoms,Trousers/Chinos,"elastane 3%, cotton 97%",74.95,"[(3, 'elastane'), (97, 'cotton')]","[(97, 'cotton'), (3, 'elastane')]"
Superdry,Mid Rise Chino,Bottoms,Trousers/Chinos,"elastane 3%, cotton 97%",74.95,"[(3, 'elastane'), (97, 'cotton')]","[(97, 'cotton'), (3, 'elastane')]"
Superdry,Organic Cotton Mid Rise Slim Jeans,Bottoms,Jeans,"elastomultiester 2%, modal 11%, lyocell 6%, elastane 1%, cotton 80%",99.95,"[(2, 'elastomultiester'), (11, 'modal'), (6, 'lyocell'), (1, 'elastane'), (80, 'cotton')]","[(80, 'cotton'), (11, 'viscose'), (6, 'lyocell'), (3, 'elastane')]"
Superdry,Mid Rise Straight Leg Jean,Bottoms,Trousers/Chinos,Organic Cotton 100%,99.95,"[(100, 'Organic Cotton')]","[(100, 'cotton')]"
Marks & Spencer,Animal Print Crew Neck Jumper,Tops,Sweater/Cardigan,100% acrylic (exclusive of trimmings),25.4,"[(100, 'acrylic')]","[(100, 'acrylic')]"
Marks & Spencer,Denim Studded Shacket,Outerwear,Jacket,100% cotton (exclusive of trimmings),76.2,"[(100, 'cotton')]","[(100, 'cotton')]"
Marks & Spencer,Crepe Box Pleat Shift Dress,Dresses & Jumpsuits,Dress,"92% polyester, 8% elastane (exclusive of trimmings)",113.03,"[(92, 'polyester'), (8, 'elastane')]","[(92, 'polyester'), (8, 'elastane')]"
Marks & Spencer,Borg Lightweight Hooded Jacket,Outerwear,Jacket,100% polyester (exclusive of trimmings),50.8,"[(100, 'polyester')]","[(100, 'polyester')]"
Marks & Spencer,Faux Leather Mini Skirt,Bottoms,Skirt,"61% polyurethane, 38% polyester and 1% metallic (exclusive of trimmings)",38.1,"[(61, 'polyurethane'), (38, 'polyester'), (1, 'metallic')]","[(61, 'polyurethane'), (38, 'polyester'), (1, 'other')]"
Marks & Spencer,Floral Midi Shirt Dress,Dresses & Jumpsuits,Dress,100% viscose,171.45,"[(100, 'viscose')]","[(100, 'viscose')]"
Marks & Spencer,High Waisted Jeggings,Bottoms,Jeans,"38% cotton, 32% polyester, 12% acrylic, 10% elastane, 8% viscose",29.21,"[(38, 'cotton'), (32, 'polyester'), (12, 'acrylic'), (10, 'elastane'), (8, 'viscose')]","[(38, 'cotton'), (32, 'polyester'), (12, 'acrylic'), (10, 'elastane'), (8, 'viscose')]"
Marks & Spencer,Pure Cotton Floral Embroidered Shirt,Tops,Shirt/Blouse,"100% cotton (exclusive of trimmings) , Embroidery Threads - 100% polyester",58.42,"[(100, 'cotton')]","[(100, 'cotton')]"
Marks & Spencer,Supersoft Striped Crew Neck Jumper,Tops,Shirt/Blouse,100% acrylic (exclusive of trimmings),25.4,"[(100, 'acrylic')]","[(100, 'acrylic')]"
Marks & Spencer,Borg Lightweight Hooded Jacket,Outerwear,Jacket,100% polyester (exclusive of trimmings),50.8,"[(100, 'polyester')]","[(100, 'polyester')]"
Marks & Spencer,Linen Rich Printed Cami Top,Tops,Shirt/Blouse,"55% linen, 45% viscose (exclusive of trimmings)",37.47,"[(55, 'linen'), (45, 'viscose')]","[(55, 'linen'), (45, 'viscose')]"
Marks & Spencer,Air-Yarn V-Neck Jumper,Tops,Sweater/Cardigan,"51% polyester, 41% acrylic, 5% wool and 3% elastane (exclusive of trimmings)",33.02,"[(51, 'polyester'), (41, 'acrylic'), (5, 'wool'), (3, 'elastane')]","[(51, 'polyester'), (41, 'acrylic'), (5, 'wool'), (3, 'elastane')]"
Marks & Spencer,Cotton Rich Asymmetric Short Trench Coat,Outerwear,Coat,"66% cotton, 34% viscose",82.55,"[(66, 'cotton'), (34, 'viscose')]","[(66, 'cotton'), (34, 'viscose')]"
Marks & Spencer,Cotton Rich Striped Collared Fitted Shirt,Tops,Shirt/Blouse,"73% cotton, 23% polyester, 4% elastane (exclusive of trimmings)",22.23,"[(73, 'cotton'), (23, 'polyester'), (4, 'elastane')]","[(73, 'cotton'), (23, 'polyester'), (4, 'elastane')]"
Marks & Spencer,Pure Cotton V-Neck Tie Detail Wrap Shirt,Tops,Shirt/Blouse,100% cotton (exclusive of trimmings),45.72,"[(100, 'cotton')]","[(100, 'cotton')]"
Marks & Spencer,Bow Detail Top,Tops,Shirt/Blouse,"100% polyester, Lining - 100% polyester",58.42,"[(100, 'polyester')]","[(100, 'polyester')]"
Marks & Spencer,Jersey Hardware Detail Dress,Dresses & Jumpsuits,Dress,"94% polyamide, 6% elastane (exclusive of trimmings)",45.72,"[(94, 'polyamide'), (6, 'elastane')]","[(94, 'nylon'), (6, 'elastane')]"
Marks & Spencer,Pure Cotton Shirred Waisted Maxi Dress,Dresses & Jumpsuits,Dress,100% cotton (exclusive of trimmings),50.16,"[(100, 'cotton')]","[(100, 'cotton')]"
Marks & Spencer,Pure Cotton Cropped Collared Shirt,Tops,Shirt/Blouse,100% cotton (exclusive of trimmings),33.02,"[(100, 'cotton')]","[(100, 'cotton')]"
Marks & Spencer,Air-Yarn V-Neck Jumper,Tops,Sweater/Cardigan,"51% polyester, 41% acrylic, 5% wool and 3% elastane (exclusive of trimmings)",33.02,"[(51, 'polyester'), (41, 'acrylic'), (5, 'wool'), (3, 'elastane')]","[(51, 'polyester'), (41, 'acrylic'), (5, 'wool'), (3, 'elastane')]"
Marks & Spencer,V-Neck Cropped Cardigan with Alpaca,Tops,Sweater/Cardigan,"43% polyamide, 20% alpaca, 20% wool, 14% acrylic, and 3% elastane",44.45,"[(43, 'polyamide'), (20, 'alpaca'), (20, 'wool'), (14, 'acrylic'), (3, 'elastane')]","[(43, 'nylon'), (40, 'wool'), (14, 'acrylic'), (3, 'elastane')]"
Marks & Spencer,Air-Yarn Button Front Short Sleeve Cropped Cardigan,Tops,Sweater/Cardigan,"51% polyester, 41% acrylic, 5% wool and 3% elastane (exclusive of trimmings)",33.02,"[(51, 'polyester'), (41, 'acrylic'), (5, 'wool'), (3, 'elastane')]","[(51, 'polyester'), (41, 'acrylic'), (5, 'wool'), (3, 'elastane')]"
Marks & Spencer,Cropped Jacket,Outerwear,Jacket,100% cotton (embroidery threads),88.9,"[(100, 'cotton')]","[(100, 'cotton')]"
Marks & Spencer,Collared Button Front Short Sleeve Cropped Cardigan with Alpaca,Tops,Sweater/Cardigan,"90% polyester, 8% alpaca and 2% elastane",38.1,"[(90, 'polyester'), (8, 'alpaca'), (2, 'elastane')]","[(90, 'polyester'), (8, 'wool'), (2, 'elastane')]"
Marks & Spencer,Air-Yarn Button Front Short Sleeve Cropped Cardigan,Tops,Sweater/Cardigan,"51% polyester, 41% acrylic, 5% wool and 3% elastane (exclusive of trimmings)",33.02,"[(51, 'polyester'), (41, 'acrylic'), (5, 'wool'), (3, 'elastane')]","[(51, 'polyester'), (41, 'acrylic'), (5, 'wool'), (3, 'elastane')]"
Marks & Spencer,Collared Button Front Short Sleeve Cropped Cardigan with Alpaca,Tops,Sweater/Cardigan,"90% polyester, 8% alpaca and 2% elastane",38.1,"[(90, 'polyester'), (8, 'alpaca'), (2, 'elastane')]","[(90, 'polyester'), (8, 'wool'), (2, 'elastane')]"
Marks & Spencer,Alpaca Blend Button Front Cropped Cardigan,Tops,Sweater/Cardigan,"35% wool, 35% alpaca, 27% polyamide and 3% elastane",69.85,"[(35, 'wool'), (35, 'alpaca'), (27, 'polyamide'), (3, 'elastane')]","[(70, 'wool'), (27, 'nylon'), (3, 'elastane')]"
Marks & Spencer,Keyhole Cosy Flute Sleeves Top,Tops,Shirt/Blouse,"91% polyester, 9% elastane (exclusive of trimmings)",29.21,"[(91, 'polyester'), (9, 'elastane')]","[(91, 'polyester'), (9, 'elastane')]"
Marks & Spencer,Soft Touch Striped Crew Neck Jumper,Tops,Sweater/Cardigan,"52% viscose, 29% polyester and19% polyamide (exclusive of trimmings)",38.1,"[(52, 'viscose'), (29, 'polyester'), (19, 'polyamide')]","[(52, 'viscose'), (29, 'polyester'), (19, 'nylon')]"
Marks & Spencer,Cloud-Yarn Ribbed V-Neck Jumper,Tops,Sweater/Cardigan,"57% polyester, 34% acrylic and 9% polyamide",45.72,"[(57, 'polyester'), (34, 'acrylic'), (9, 'polyamide')]","[(57, 'polyester'), (34, 'acrylic'), (9, 'nylon')]"
Marks & Spencer,Cloud-Yarn Pocket Crew Neck Knitted Waistcoat,Tops,Shirt/Blouse,"57% polyester, 34% acrylic and 9% polyamide",35.56,"[(57, 'polyester'), (34, 'acrylic'), (9, 'polyamide')]","[(57, 'polyester'), (34, 'acrylic'), (9, 'nylon')]"
Marks & Spencer,Pure Cotton Embellished Tie Front Gilet,Outerwear,Jacket,"100% cotton (exclusive of trimmings) , Lining - 100% polyester , Wadding / stuffing (thick layer of continuous fabric within a coat/jacket) - 100% polyester",76.2,"[(100, 'cotton')]","[(100, 'cotton')]"
Marks & Spencer,Wool Rich Pleated Wide Leg Trousers,Bottoms,Trousers/Chinos,"70% wool, 28% polyester and 2% elastane",125.73,"[(70, 'wool'), (28, 'polyester'), (2, 'elastane')]","[(70, 'wool'), (28, 'polyester'), (2, 'elastane')]"
Marks & Spencer,Striped Ribbed Stitch Detail Top,Tops,Shirt/Blouse,"98% viscose, 2% elastane (exclusive of trimmings)",57.15,"[(98, 'viscose'), (2, 'elastane')]","[(98, 'viscose'), (2, 'elastane')]"
Marks & Spencer,Panelled Asymmetric Waistcoat,Tops,Shirt/Blouse,"67% polyester, 29% viscose, 4% elastane",57.15,"[(67, 'polyester'), (29, 'viscose'), (4, 'elastane')]","[(67, 'polyester'), (29, 'viscose'), (4, 'elastane')]"
Marks & Spencer,Bandeau Ankle Grazer Tailored Jumpsuit,Dresses & Jumpsuits,Dress,"92% polyester, 8% elastane(exclusive of trimmings) , Lining - 100% polyester",63.5,"[(92, 'polyester'), (8, 'elastane')]","[(92, 'polyester'), (8, 'elastane')]"
Marks & Spencer,Cable Knit Relaxed Jumper with Alpaca,Tops,Sweater/Cardigan,"52% polyester, 31% acrylic, 9% polyamide and 8% alpaca (exclusive of trimmings)",50.16,"[(52, 'polyester'), (31, 'acrylic'), (9, 'polyamide'), (8, 'alpaca')]","[(52, 'polyester'), (31, 'acrylic'), (9, 'nylon'), (8, 'wool')]"
Marks & Spencer,Air-Yarn Button Front Short Sleeve Cropped Cardigan,Tops,Sweater/Cardigan,"51% polyester, 41% acrylic, 5% wool and 3% elastane (exclusive of trimmings)",33.02,"[(51, 'polyester'), (41, 'acrylic'), (5, 'wool'), (3, 'elastane')]","[(51, 'polyester'), (41, 'acrylic'), (5, 'wool'), (3, 'elastane')]"
Marks & Spencer,Soft Touch Fitted Cardigan,Tops,Sweater/Cardigan,"50% acrylic, 50% viscose",45.72,"[(50, 'acrylic'), (50, 'viscose')]","[(50, 'acrylic'), (50, 'viscose')]"
Marks & Spencer,Cotton Rich Collared Utility Car Coat,Outerwear,Coat,"38% polyester, 62% cotton (exclusive of trimmings), Lining - 100% polyester, Padding - 100% polyester, Cord trim - 99% cotton, 1% elastane",127.0,"[(38, 'polyester'), (62, 'cotton')]","[(62, 'cotton'), (38, 'polyester')]"
Marks & Spencer,Air-Yarn Button Front Short Sleeve Cropped Cardigan,Tops,Sweater/Cardigan,"51% polyester, 41% acrylic, 5% wool and 3% elastane (exclusive of trimmings)",33.02,"[(51, 'polyester'), (41, 'acrylic'), (5, 'wool'), (3, 'elastane')]","[(51, 'polyester'), (41, 'acrylic'), (5, 'wool'), (3, 'elastane')]"
Marks & Spencer,Animal Print Crew Neck Jumper,Tops,Sweater/Cardigan,100% acrylic (exclusive of trimmings),25.4,"[(100, 'acrylic')]","[(100, 'acrylic')]"
Marks & Spencer,Cloud-Yarn Pocket Crew Neck Knitted Waistcoat,Tops,Shirt/Blouse,"57% polyester, 34% acrylic and 9% polyamide",35.56,"[(57, 'polyester'), (34, 'acrylic'), (9, 'polyamide')]","[(57, 'polyester'), (34, 'acrylic'), (9, 'nylon')]"
Marks & Spencer,Soft Touch Striped Knitted Rugby Top,Tops,Sweater/Cardigan,"51% viscose, 27% polyester and 22% polyamide (exclusive of trimmings)",45.72,"[(51, 'viscose'), (27, 'polyester'), (22, 'polyamide')]","[(51, 'viscose'), (27, 'polyester'), (22, 'nylon')]"
Marks & Spencer,V-Neck Cropped Cardigan with Alpaca,Tops,Sweater/Cardigan,"43% polyamide, 20% alpaca, 20% wool, 14% acrylic, and 3% elastane",44.45,"[(43, 'polyamide'), (20, 'alpaca'), (20, 'wool'), (14, 'acrylic'), (3, 'elastane')]","[(43, 'nylon'), (40, 'wool'), (14, 'acrylic'), (3, 'elastane')]"
