brand,product_name,parent_category,child_category,price,materials
Hollister,Ruched Babydoll Top,Tops,Blouses,$29.95,"Body:100% Cotton / Elastic:69% Polyester, 31% Elastane / Lining:100% Polyester"
Hollister,Cable-Knit Bow Crew Sweater,Tops,Sweaters & Cardigans,$39.95,"Body:60% Cotton, 20% Viscose, 20% Nylon"
Hollister,Oversized Heart Graphic Crew Sweatshirt,Tops,Hoodies & Sweatshirts,$49.95,"Body:60% Cotton, 40% Recycled Polyester"
Hollister,Low-Rise Medium Wash Teardown Pocket Baggy Jeans,Bottoms,Jeans,$59.95,"Body:100% Cotton / Pocket Bag:80% Polyester, 20% Cotton"
Hollister,Easy Flying Birds Graphic Crew Sweater,Tops,Sweaters & Cardigans,$49.95,"Body:60% Cotton, 40% Polyester"
Hollister,Low-Rise White Baggy Jeans,Bottoms,Jeans,$54.95,"Body:100% Cotton / Pocket Bag:80% Polyester, 20% Cotton"
Hollister,Reversible V-Waist Cheeky Bikini Bottom,Swimwear,Swim Bottoms,$17.95,"BODY AND LINING: 80% NYLON, 20% ELASTANE"
Hollister,Reversible Triangle Bikini Top,Swimwear,Swim Tops,$19.95,"BODY AND LINING: 80% NYLON, 20% ELASTANE"
Hollister,Taylor Reversible Tube Top,Tops,Tube Tops,$14.95,"Body And Lining:95% Cotton, 5% Elastane / Body:96% Cotton, 4% Elastane"
Hollister,Easy Jumping Fish Graphic Crew Sweater,Tops,Sweaters & Cardigans,$49.95,"Body:60% Cotton, 40% Polyester"
Hollister,Easy Crew Sweater,Tops,Sweaters & Cardigans,$39.95,"Body:60% Cotton, 40% Polyester"
Hollister,Seamless Fabric Long-Sleeve Crew Top,Tops,Long-Sleeve Tops,$19.95,"Body:88% Polyester, 12% Elastane"
Hollister,Taylor Reversible Tube Top,Tops,Tube Tops,$14.95,"Body:96% Cotton, 4% Elastane"
Hollister,Low-Rise Denim Mini Skort,Bottoms,Skirts,$44.95,"Body:100% Cotton / Lining:88% Recycled Polyester, 12% Elastane / Pocket Bag:80% Polyester, 20% Cotton"
Hollister,Low-Rise Boot Jeans,Bottoms,Jeans,$49.95,"Body:98% Cotton, 2% Elastane / Pocket Bag:80% Polyester, 20% Cotton"
Hollister,Taylor Reversible Tube Top,Tops,Tube Tops,$14.95,"Body And Lining:95% Cotton, 5% Elastane / Body:96% Cotton, 4% Elastane"
Hollister,Oversized Hoodie,Tops,Hoodies & Sweatshirts,$39.95,"Body And Hood Lining:60% Cotton, 40% Recycled Polyester"
Hollister,Oversized Angel Wings Graphic Crew Sweatshirt,Tops,Hoodies & Sweatshirts,$49.95,"Body:60% Cotton, 40% Recycled Polyester"
Hollister,Seamless Fabric Scoop Top,Tops,Long-Sleeve Tops,$19.95,"Body:88% Polyester, 12% Elastane"
Hollister,Low-Rise Poplin Shortie Shorts,Bottoms,Shorts,$39.95,"Body:98% Cotton, 2% Elastane / Pocket Bag:65% Polyester, 35% Cotton"
Hollister,Low-Rise Dark Wash Boot Jeans,Bottoms,Jeans,$49.95,"Body:98% Cotton, 2% Elastane / Pocket Bag:80% Polyester, 20% Cotton"
Hollister,Low-Rise Floral Back Pocket Poplin Shortie Shorts,Bottoms,Shorts,$44.95,"Body:98% Cotton, 2% Elastane / Pocket Bag:65% Polyester, 35% Cotton"
Hollister,Easy Dog Graphic Crew Sweater,Tops,Sweaters & Cardigans,$49.95,"Body:60% Cotton, 40% Polyester"
Hollister,Taylor Reversible Tube Top,Tops,Tube Tops,$14.95,
Hollister,Seamless Fabric Scoop Top,Tops,Long-Sleeve Tops,$19.95,"Body:88% Polyester, 12% Elastane"
Hollister,Easy Satin Tie Babydoll Top,Tops,Blouses,$29.95,"Body:100% Viscose / Elastic:67% Polyester, 33% Elastane / Lining:100% Polyester"
Hollister,Easy Long-Sleeve Butterfly Pattern Babydoll Top,Tops,Babydoll Tops,$29.95,"Body:94% Cotton, 6% Elastane"
Hollister,Taylor Reversible Tube Top,Tops,Tube Tops,$14.95,"Body:96% Cotton, 4% Elastane"
Hollister,Zip-Up Hoodie,Tops,Hoodies & Sweatshirts,$44.95,"Body And Hood Lining:60% Cotton, 40% Polyester"
Hollister,Seamless Fabric Long-Sleeve Crew Top,Tops,Long-Sleeve Tops,$19.95,"Body:88% Polyester, 12% Elastane"
Hollister,Hollister Feel Good Fleece Oversized Floral Pattern Hoodie,Tops,Hoodies & Sweatshirts,$44.95,"Body:60% Cotton, 40% Polyester"
Hollister,Satin Strapless Bow Bodycon Dress,Dresses,Mini Dresses,$69.95,"Body:94% Polyester, 6% Elastane / Lace:100% Nylon / Lining:85% Polyester, 15% Elastane / Pad Foam:100% Polyurethane / Pad Lining:100% Polyester"
Hollister,Seamless Fabric Scoop Top,Tops,Long-Sleeve Tops,$19.95,"Body:88% Polyester, 12% Elastane"
Hollister,Zip-Up Hoodie,Tops,Hoodies & Sweatshirts,$44.95,"Body And Hood Lining:60% Cotton, 40% Polyester"
Hollister,Satin Strapless Bow Bodycon Dress,Dresses,Mini Dresses,$69.95,"Body:94% Polyester, 6% Elastane / Lace:100% Nylon / Lining:85% Polyester, 15% Elastane / Pad Foam:100% Polyurethane / Pad Lining:100% Polyester"
Hollister,High-Rise Black Flare Jeans,Bottoms,Jeans,$49.95,"Body:98% Cotton, 2% Elastane / Pocket Bag:80% Polyester, 20% Cotton"
Hollister,Star Graphic Baggy Sweatpants,Bottoms,Sweatpants,$49.95,"Body And Pocket Bag:60% Cotton, 40% Polyester"
Hollister,Oversized Varsity Graphic Hoodie,Tops,Hoodies & Sweatshirts,$49.95,"Applique:100% Cotton / Body And Hood Lining:60% Cotton, 40% Polyester"
Hollister,Stretch Poplin Embroidered Short-Sleeve Shirt,Tops,Button-Down Shirts,$39.95,"Body:60% Cotton, 36% Polyester, 4% Elastane / Embroidery:100% Polyester"
Hollister,Off-the-Shoulder Hibiscus Graphic Tee,Tops,T-Shirts,$24.95,
Hollister,Seamless Fabric Scoop Top,Tops,Long-Sleeve Tops,$19.95,"Body:88% Polyester, 12% Elastane"
Hollister,Crinkle Shine Flyaway Babydoll Top,Tops,Blouses,$39.95,"Body:100% Viscose / Elastic:71% Polyester, 29% Elastane / Lining:100% Polyester"
Hollister,Taylor Reversible Tube Top,Tops,Tube Tops,$14.95,"Body And Lining:95% Cotton, 5% Elastane / Body:96% Cotton, 4% Elastane"
Hollister,Seamless Fabric Long-Sleeve Crew Top,Tops,Long-Sleeve Tops,$19.95,"Body:88% Polyester, 12% Elastane"
Hollister,Zip-Up Hoodie,Tops,Hoodies & Sweatshirts,$44.95,"Body And Hood Lining:60% Cotton, 40% Polyester"
Hollister,Class of '26 Baggy Sweatpants,Bottoms,Sweatpants,$49.95,"Body And Pocket Bag:60% Cotton, 40% Polyester / Embroidery:100% Polyester"
Hollister,Oversized Class of '26 Graphic Hoodie,Tops,Hoodies & Sweatshirts,$49.95,"Applique:60% Cotton, 40% Polyester / Body And Hood Lining:60% Cotton, 40% Polyester / Embroidery:100% Polyester"
Hollister,Crinkle Shine Flyaway Babydoll Top,Tops,Blouses,$39.95,"Body:100% Viscose / Elastic:71% Polyester, 29% Elastane / Lining:100% Polyester"
Hollister,Low-Rise Medium Wash Star Graphic Baggy Jeans,Bottoms,Jeans,$59.95,"Body:100% Cotton / Pocket Bag:80% Polyester, 20% Cotton"
Hollister,Easy Satin Tie Babydoll Top,Tops,Blouses,$29.95,"Body:100% Viscose / Elastic:67% Polyester, 33% Elastane / Lining:100% Polyester"
Hollister,Mid-Rise Khaki Boot Jeans,Bottoms,Jeans,$49.95,"Body:98% Cotton, 2% Elastane / Pocket Bag:80% Polyester, 20% Cotton"
Hollister,Easy Satin Tie Babydoll Top,Tops,Blouses,$29.95,"Body:100% Viscose / Elastic:67% Polyester, 33% Elastane / Lining:100% Polyester"
Hollister,Low-Rise Denim Mini Skort,Bottoms,Skirts,$39.95,"Body:100% Cotton / Lining:88% Polyester, 12% Elastane / Pocket Bag:80% Polyester, 20% Cotton"
Hollister,Easy Crew Sweater,Tops,Sweaters & Cardigans,$39.95,"Body:60% Cotton, 40% Polyester"
Hollister,Curvy High-Rise Medium Wash Flare Jeans,Bottoms,Jeans,$49.95,"Body:98% Cotton, 2% Elastane / Pocket Bag:80% Polyester, 20% Cotton"
Hollister,Easy Crew Sweater,Tops,Sweaters & Cardigans,$39.95,"Body:60% Cotton, 40% Polyester"
Hollister,Seamless Fabric Scoop Top,Tops,Long-Sleeve Tops,$19.95,"Body:88% Polyester, 12% Elastane"
Hollister,Seamless Fabric Scoop Top,Tops,Long-Sleeve Tops,$19.95,"Body:88% Polyester, 12% Elastane"
Hollister,Gilly Hicks Active Recharge Flare Leggings,Bottoms,Leggings,$49.95,"Body:89% Recycled Polyester, 11% Elastane"
Hollister,Satin Strapless Bow Bodycon Dress,Dresses,Mini Dresses,$69.95,"Body:94% Polyester, 6% Elastane / Lace:100% Nylon / Lining:85% Polyester, 15% Elastane / Pad Foam:100% Polyurethane / Pad Lining:100% Polyester"
Hollister,Class of '26 Oxford Boxer Shorts,Bottoms,Sleep Bottoms,$19.95,"Body And Pocket Bag:100% Cotton / Elastic:61% Nylon, 25% Polyester, 14% Elastane"
Hollister,Class of '26 Short-Sleeve Cotton Shirt,Sleepwear,Tops,$29.95,Body:100% Cotton
Hollister,2026 Graphic Baggy Sweatpants,Bottoms,Sweatpants,$49.95,"Applique:60% Cotton, 40% Polyester / Body And Pocket Bag:60% Cotton, 40% Polyester / Embroidery:100% Polyester"
Hollister,Oversized Class of '26 Graphic Hoodie,Tops,Hoodies & Sweatshirts,$49.95,"Applique:60% Cotton, 40% Polyester / Body And Hood Lining:60% Cotton, 40% Polyester / Embroidery:100% Polyester"
Hollister,Easy Crew Sweater,Tops,Sweaters & Cardigans,$39.95,"Body:60% Cotton, 40% Polyester"
Hollister,Senior Graphic Baggy Sweatpants,Bottoms,Sweatpants,$49.95,"Applique:100% Cotton / Body And Pocket Bag:60% Cotton, 40% Polyester / Embroidery:100% Polyester"
Hollister,Oversized Senior Graphic Hoodie,Tops,Hoodies & Sweatshirts,$49.95,"Applique:60% Cotton, 40% Polyester / Body And Hood Lining:60% Cotton, 40% Polyester / Embroidery:100% Polyester"
Hollister,Bow Graphic Baggy Sweatpants,Bottoms,Sweatpants,$49.95,"Body And Pocket Bag:60% Cotton, 40% Polyester"
Hollister,Taylor Reversible Tube Top,Tops,Tube Tops,$14.95,"Body:96% Cotton, 4% Elastane"
Hollister,Class of '26 Baggy Sweatpants,Bottoms,Sweatpants,$49.95,"Applique:60% Cotton, 40% Polyester / Body And Pocket Bag:60% Cotton, 40% Polyester / Embroidery:100% Polyester"
Hollister,Oversized Class of '26 Graphic Hoodie,Tops,Hoodies & Sweatshirts,$49.95,"Applique:100% Cotton / Body And Hood Lining:60% Cotton, 40% Polyester / Embroidery:100% Polyester"
Hollister,Oversized Senior Graphic Hoodie,Tops,Hoodies & Sweatshirts,$49.95,"Applique:100% Cotton / Body And Hood Lining:60% Cotton, 40% Polyester / Embroidery:100% Polyester"
Hollister,Low-Rise Washed Black Denim Mini Skort,Bottoms,Skirts,$39.95,"Body:100% Cotton / Lining:88% Polyester, 12% Elastane / Pocket Bag:80% Polyester, 20% Cotton"
Hollister,Class of '26 Baggy Sweatpants,Bottoms,Sweatpants,$49.95,"Applique:60% Cotton, 40% Polyester / Body And Pocket Bag:60% Cotton, 40% Polyester / Embroidery:100% Polyester"
Hollister,Oversized Class of '26 Graphic Hoodie,Tops,Hoodies & Sweatshirts,$49.95,"Applique:100% Cotton / Body And Hood Lining:60% Cotton, 40% Polyester / Embroidery:100% Polyester"
Hollister,Low-Rise Denim Mini Skort,Bottoms,Skirts,$39.95,"Body:100% Cotton / Lining:88% Polyester, 12% Elastane / Pocket Bag:80% Polyester, 20% Cotton"
Hollister,Low-Rise Medium Wash Baggy Jeans,Bottoms,Jeans,$49.95,"Body:100% Cotton / Pocket Bag:80% Polyester, 20% Cotton"
Hollister,Class of '26 Graphic Baggy Sweatpants,Bottoms,Sweatpants,$49.95,"Body And Pocket Bag:60% Cotton, 40% Polyester / Embroidery:100% Polyester"
Hollister,Low-Rise Class of '26 Denim Mini Skort,Bottoms,Skirts,$44.95,"Body:100% Cotton / Lining:88% Polyester, 12% Elastane / Pocket Bag:80% Polyester, 20% Cotton"
Hollister,Low-Rise Dark Wash Class of '26 Embroidered Baggy Jeans,Bottoms,Jeans,$59.95,"Body:100% Cotton / Pocket Bag:80% Polyester, 20% Cotton"
Hollister,Senior Graphic Baggy Sweatpants,Bottoms,Sweatpants,$49.95,"Applique:100% Cotton / Body And Pocket Bag:60% Cotton, 40% Polyester / Embroidery:100% Polyester"
Hollister,Oversized Senior Graphic Hoodie,Tops,Hoodies & Sweatshirts,$49.95,"Applique:100% Cotton / Body And Hood Lining:60% Cotton, 40% Polyester / Embroidery:100% Polyester"
Hollister,Button-Front Mini Dress,Dresses,Mini Dresses,$49.95,"Body:100% Cotton / Elastic:68% Polyester, 32% Elastodiene / Lining:100% Polyester"
Hollister,Button-Front Mini Dress,Dresses,Mini Dresses,$49.95,"Body:100% Cotton / Elastic:68% Polyester, 32% Elastodiene / Lining:100% Polyester"
Hollister,Short-Sleeve Tuxedo Shirt,Tops,Button-Down Shirts,$39.95,"Body:66% Cotton, 31% Polyester, 3% Elastane"
Hollister,Short-Sleeve Tuxedo Shirt,Tops,Button-Down Shirts,$39.95,"Body:66% Cotton, 31% Polyester, 3% Elastane"
Hollister,Ruched Babydoll Top,Tops,Blouses,$29.95,"Body:100% Cotton / Elastic:69% Polyester, 31% Elastane / Lining:100% Polyester"
Hollister,Ruched Babydoll Top,Tops,Blouses,$29.95,"Body:100% Cotton / Elastic:69% Polyester, 31% Elastane / Lining:100% Polyester"
Hollister,Stretch Poplin Button-Through Shirt,Tops,Button-Down Shirts,$39.95,"Body:60% Cotton, 36% Polyester, 4% Elastane"
Hollister,Button-Front Mini Dress,Dresses,Mini Dresses,$49.95,"Body:100% Cotton / Elastic:71% Polyester, 29% Elastane / Lining:100% Polyester"
Mexx,Bodywarmer Belted Black,Coats and jackets,,€129.99,100% Polyester
Mexx,Jacket Puffer Anthracite,Coats and jackets,,€169.99,"78% Polyester, 4% Elastane, 18% Viscose"
Mexx,Long puffer Jacket Beige,Coats and jackets,,€189.99,100% Polyamide
Mexx,Teddy Jacket Brown,Coats and jackets,,€159.99,100% Polyester
Mexx,Short Puffer Jacket Off White,Coats and jackets,,€169.99,100% Polyester
Mexx,Short Puffer Jacket Blue,Coats and jackets,,€169.99,100% Polyester
Mexx,Skirt Ruffle Strings Cream,Dresses and skirts,,€69.99,100% Polyester
Mexx,T-shirt Primrose Rib Dark Red,Tops and shirts,,€39.99,100% Cotton
Mexx,Pants Buttoned Waist Light Pink,Trousers,,€99.99,"72% Polyester, 23% Viscose, 5% Elastane"
Mexx,Dress Bold flower Pink,Dresses and skirts,,€119.99,100% Viscose
Mexx,Blouse Embroidery Off White,Blouse Embroidery Off White,,€89.99,100% Viscose
Mexx,Blouse Puff Sleeve Gathering Pink,Blouse Puff Sleeve Gathering Pink,,€89.99,100% Viscose
Mexx,Blouse Rosa Black,Blouse Rosa Black,,€59.99,100% Cotton
Mexx,Jeans Classic slim Blue,Trousers,,€89.99,"98% Cotton, 2% Elastane"
Mexx,Wrap Dress Long Sleeve Black,Dresses and skirts,,€99.99,100% Viscose
Mexx,Top Striped Black/White,Tops and shirts,,€54.99,"35% Polyester, 65% Cotton"
Mexx,Bomberjack Long Sleeve Black,Coats and jackets,,€119.99,"72% Polyester, 22% Viscose, 6% Elastane"
Mexx,Pants Belted Tapered Black,Trousers,,€109.99,"72% Polyester, 22% Viscose, 6% Elastane"
Mexx,Top V-back Cream,Tops and shirts,,€59.99,"95% Viscose, 5% Elastane"
Mexx,Knit cardigan Peony Cream,Sweaters and cardigans,,€69.99,"80% Viscose, 20% Polyamide"
Mexx,Top Knitted Relief Brown,Tops and shirts,,€59.99,"65% Viscose, 35% Polyamide"
Mexx,Spencer Fancy Mustard Yellow,Tops and shirts,,€79.99,"60% Cotton, 40% Acrylic"
Mexx,T-shirt Print Cream,Tops and shirts,,€39.99,100% Cotton
Mexx,Top Gerbera Mustard Yellow,Tops and shirts,,€54.99,"80% Viscose, 20% Polyamide"
Mexx,Knit Cardigan Peony Mustard Yellow,Sweaters and cardigans,,€69.99,"80% Viscose, 20% Polyamide"
Mexx,Pants Tweed Straight Taupe,Trousers,,€119.99,100% Polyester
Mexx,Skirt Tweed Taupe,Dresses and skirts,,€79.99,100% Polyester
Mexx,Gilet Sleeveless Tweed Taupe,Tops and shirts,,€99.99,100% Polyester
Mexx,Blouse Chamomile Tencel Green,Blouse Chamomile Tencel Green,,€79.99,"86% Lyocell, 14% Polyester"
Mexx,Blouse Heavy lace White,Blouse Heavy lace White,,€79.99,"71% Viscose, 29% Polyamide"
Mexx,Top Woven Allover Print Beige,Tops and shirts,,€79.99,100% Viscose
Mexx,Dress Heavy lace Yellow Brown,Dresses and skirts,,€119.99,"71% Viscose, 29% Polyamide"
Mexx,Skirt Satin Printed Maxi Beige,Dresses and skirts,,€89.99,100% Viscose
Mexx,Bomberjack Tweed Oversized Taupe,Coats and jackets,,€139.99,100% Polyester
Mexx,T-shirt Embroidery Oversized Black,Tops and shirts,,€39.99,100% Cotton
Mexx,Skirt Iceflower Multi Black,Dresses and skirts,,€89.99,"97% Polyester, 3% Elastane"
Mexx,Long Coat Logo Quilted Dark Red,Coats and jackets,,€209.00,100% Polyester
Mexx,Long Puffer Jacket Black,Coats and jackets,,€189.99,100% Polyamide
Mexx,Andrea High Waist / Skinny Jeans,Andrea High Waist / Skinny Jeans,,€89.99,98% Cotton 2% Elastane
Mexx,Pants Cosmea Classic Tapered Black,Trousers,,€79.99,"52% Cotton, 45% Polyester, 3% Elastane"
Mexx,Top Gerbera Cream,Tops and shirts,,€54.99,"80% Viscose, 20% Polyamide"
C&A,Bouclé cardigan,Jumpers & Cardigans,Cardigans,"39,99 €",['78% Cotton | 18% Polyester | 4% Nylon']
C&A,Long cardigan,Jumpers & Cardigans,Cardigans,"25,99 €",['78% Viscose | 22% Nylon']
C&A,Mesh dress - floral,Dresses & Jumpsuits,Midi dresses,"25,99 €",['95% Polyester | 5% Elastane']
C&A,Technical joggers - 4 Way Stretch,Sportswear,Sports trousers,"25,99 €","['Main part: 77% Polyester | 23% Elastane', 'Pocket: 77% Polyester | 23% Elastane']"
C&A,Multipack of 2 - basic turtleneck top - ribbed,T-Shirts & Tops,Long-sleeved t-shirts,"25,99 €","['95% Cotton | 5% Elastane', '95% Cotton | 5% Elastane']"
C&A,Multipack of 2 - basic turtleneck top - ribbed,T-Shirts & Tops,Long-sleeved t-shirts,"25,99 €","['95% Cotton | 5% Elastane', '95% Cotton | 5% Elastane']"
C&A,Knitted dress,Dresses & Jumpsuits,Knitted dresses,"25,99 €",['40% Acrylic | 40% Viscose | 20% Nylon']
C&A,Pleated skirt,Skirts,A line skirts,"29,99 €",['44% Viscose | 28% Polyester | 28% Polyamide']
C&A,Jacket with hood - water-repellent,Young Fashion,Jackets,"29,99 €",['100% Nylon']
C&A,Quilted gilet,Jackets,Quilted jackets,"29,99 €",['100% Polyester']
C&A,Slim jeans - high waist - LYCRA®,Jeans,Petite jeans,"29,99 €",['78% Cotton | 20% Polyester | 2% Elastane (LYCRAÂ®)']
C&A,Long cardigan - ribbed,Jumpers & Cardigans,Cardigans,"29,99 €",['100% Acrylic']
C&A,Faux fur jacket with hood,Jackets,Lightweight jackets,"29,99 €",['100% Polyester']
C&A,Wide leg jeans - high waist,Jeans,Petite jeans,"29,99 €",['99% Cotton | 1% Elastane']
C&A,Jeans,Jeans,High waist jeans,"29,99 €",['100% Cotton']
C&A,Cloth trousers - high waist - slim fit,Trousers,High waisted trousers,"29,99 €",['54% Modal | 41% Polyester | 3% Viscose | 2% Elastane']
C&A,Jumper - ribbed,Jumpers & Cardigans,Jumpers,"29,99 €",['50% Viscose | 28% Polyester | 22% Nylon']
C&A,Multipack of 2 - basic long sleeve top,T-Shirts & Tops,Long-sleeved t-shirts,"29,99 €","['100% Cotton', '100% Cotton']"
C&A,Bootcut jeans - high waist,Jeans,Petite jeans,"29,99 €",['99% Cotton | 1% Elastane']
C&A,Loose flared jeans - mid-rise waist,Jeans,Flare Jeans,"29,99 €",['99% Cotton | 1% Elastane']
C&A,Wide leg jeans - high waist,Trousers,High waisted trousers,"29,99 €",['98% Cotton | 2% Elastane']
C&A,Jersey trousers - mid-rise waist - tapered fit,Trousers,Long trousers,"29,99 €",['68% Viscose | 27% Polyamide | 5% Elastane']
C&A,Jersey trousers - mid-rise waist - tapered fit,Trousers,Long trousers,"29,99 €",['68% Viscose | 27% Polyamide | 5% Elastane']
C&A,Jersey trousers - mid-rise waist - tapered fit,Trousers,Long trousers,"29,99 €",['68% Viscose | 27% Polyamide | 5% Elastane']
C&A,Knitted jumper - short sleeve,Jumpers & Cardigans,Jumpers,"29,99 €",['66% Polyester | 25% Acrylic | 6% Wool | 3% Elastane']
C&A,Cloth trousers with belt - high waist - wide leg,Trousers,High waisted trousers,"35,99 €","['58% Viscose | 34% Nylon | 8% Elastane', '100% Polyurethane']"
C&A,Cloth trousers with belt - high-rise waist - wide leg,Trousers,High waisted trousers,"35,99 €","['96% Polyester | 4% Elastane', '100% Polyurethane']"
C&A,Quilted jacket,Jackets,Lightweight jackets,"39,99 €",['100% Polyester']
C&A,Long blazer- regular fit,Businesswear,Business-Casual,"39,99 €",['74% Polyester | 23% Viscose | 3% Elastane']
C&A,Long blazer- regular fit,Businesswear,Business-Casual,"39,99 €",['74% Polyester | 23% Viscose | 3% Elastane']
C&A,Long blazer- regular fit,Businesswear,Business-Casual,"39,99 €",['74% Polyester | 23% Viscose | 3% Elastane']
C&A,Business blazer - fitted,Jackets,Blazer,"35,99 €",['77% Polyester | 19% Viscose | 4% Elastane']
C&A,Business blazer - fitted,Jackets,Blazer,"35,99 €",['77% Polyester | 19% Viscose | 4% Elastane']
C&A,Denim shirt dress,Dresses & Jumpsuits,Casual dresses,"35,99 €","['Main part: 100% Cotton', 'Belt: 100% Cotton']"
C&A,Cardigan with belt,Jumpers & Cardigans,Cardigans,"39,99 €","['78% Polyester | 16% Viscose | 6% Wool', '100% Polyurethane']"
C&A,Cropped denim jacket,Jackets,Lightweight jackets,"39,99 €","['Main part: 100% Cotton', 'Sleeve: 100% Cotton']"
C&A,Barrel jeans - high waist,Jeans,Boyfriend jeans,"39,99 €",['76% Cotton | 24% Viscose']
C&A,Trench coat,Jackets,Coats,"49,99 €","['Main part: 100% Polyester', 'Sleeve: 100% Polyester', 'Belt: 100% Polyester']"
C&A,Blazer,Jackets,Blazer,"49,99 €","['Body: 66% Polyester | 28% Viscose | 6% Elastane', 'Sleeve: 66% Polyester | 28% Viscose | 6% Elastane']"
C&A,Basic leggings,Trousers,Leggings,"9,99 €",['95% Cotton | 5% Elastane']
C&A,T-shirt - slim fit,T-Shirts & Tops,T-Shirts,"7,99 €",['95% Cotton | 5% Elastane']
C&A,Basic long sleeve top - slim fit,T-Shirts & Tops,Long-sleeved t-shirts,"9,99 €",['95% Cotton | 5% Elastane']
C&A,Long blazer - regular fit - textured,Businesswear,Business-Casual,"59,99 €",['68% Polyester | 31% Viscose | 1% Elastane']
C&A,Blazer,Jackets,Blazer,"59,99 €",['69% Polyester | 29% Viscose | 2% Elastane']
C&A,Basic sweatshirt,Jumpers & Cardigans,Sweatshirts & Sweat jackets,"17,99 €",['80% Cotton | 20% Polyester']
C&A,Basic sweatshirt,Jumpers & Cardigans,Sweatshirts & Sweat jackets,"17,99 €",['80% Cotton | 20% Polyester']
C&A,Basic sweatshirt,Jumpers & Cardigans,Sweatshirts & Sweat jackets,"17,99 €",['80% Cotton | 20% Polyester']
C&A,Basic joggers,Trousers,Long trousers,"19,99 €",['80% Cotton | 20% Polyester']
C&A,Jumper - ribbed,Jumpers & Cardigans,Jumpers,"15,99 €",['72% Viscose | 28% Nylon']
C&A,Multipack of 2 - basic long sleeve top,T-Shirts & Tops,Long-sleeved t-shirts,"19,99 €",['95% Cotton | 5% Elastane']
C&A,Cashmere jumper,Jumpers & Cardigans,Jumpers,"79,99 €",['100% Cashmere']
C&A,Satin blouse - floral,Blouses,Blouses,"19,99 €",['100% Polyester']
C&A,Basic jersey trousers - mid-rise waist - straight fit,Trousers,Long trousers,"25,99 €",['53% Modal | 32% Polyester | 15% Elastane']
C&A,Fit & flare dress with belt - textured,Dresses & Jumpsuits,Midi dresses,"22,99 €","['99% Polyester | 1% Elastane', '99% Polyester | 1% Elastane']"
C&A,Jersey trousers - high waist - slim fit,Trousers,High waisted trousers,"25,99 €",['68% Viscose | 28% Nylon | 4% Elastane']
C&A,Business trousers - mid-rise waist - slim fit,Trousers,Long trousers,"25,99 €",['77% Polyester | 19% Viscose | 4% Elastane']
C&A,Jersey trousers - mid-rise waist - tapered fit,Trousers,Long trousers,"29,99 €",['68% Viscose | 27% Polyamide | 5% Elastane']
C&A,Cloth trousers with belt - high-rise waist - wide leg,Trousers,High waisted trousers,"35,99 €","['96% Polyester | 4% Elastane', '100% Polyurethane']"
C&A,Trench coat,Jackets,Coats,"49,99 €","['Main part: 100% Polyester', 'Sleeve: 100% Polyester', 'Belt: 100% Polyester']"
C&A,Wide leg jeans - high waist,Jeans,Petite jeans,"29,99 €",['99% Cotton | 1% Elastane']
Superdry,Athletic Tonal Oversized T-Shirt,T-Shirts,,39.95,cotton 100%
Superdry,Athletic Essentials Graphic Polo Shirt,Tops,,54.95,"elastane 3%, cotton 97%"
Superdry,The Merchant Store - Oversized Linen Overshirt,Tops,,109.95,"linen 35%, cotton 65%"
Superdry,Athletic Essentials Ribbed Tank Dress,Dresses,,44.95,Organic Cotton 100%
Superdry,Essential Logo Garment Dye Vest Top,Tops,,26.95,cotton 100%
Superdry,Athletic Essentials Oversized Crew Sweatshirt,Hoodies and Sweatshirts,,69.95,cotton 100%
Superdry,Casual Linen Boyfriend Shirt,Tops,,99.95,"linen 55%, cotton 45%"
Superdry,Athletic Essentials Graphic Pointelle Cami Top,Tops,,29.95,Organic Cotton 100%
Superdry,Athletic Essentials Tonal Embroidered Shorts,Shorts,,44.95,cotton 100%
Superdry,Essential Logo Racer Vest Top,Tops,,26.95,cotton 100%
Superdry,Bardot Off Shoulder Top,Tops,,36.95,Organic Cotton 100%
Superdry,Athletic Essentials Graphic Pointelle Cami Top,Tops,,29.95,Organic Cotton 100%
Superdry,Studios Lightweight Racer Vest Top,Tops,,26.95,Organic Cotton 100%
Superdry,Mountain Windbreaker Jacket,Jackets,,129.95,Recycled Polyester 100%
Superdry,Essential Logo Garment Dye Vest Top,Tops,,26.95,cotton 100%
Superdry,Beach Resort Shirt,Tops,,59.95,viscose 100%
Superdry,Oversized Midi Shirt Dress,Dresses,,62.96,cotton 100%
Superdry,Slim Oxford Long Sleeve Shirt,Tops,,69.95,Organic Cotton 100%
Superdry,Essential Logo Racer Vest Top,Tops,,26.95,cotton 100%
Superdry,Old School Tattoo Oversized Crew Sweatshirt,Hoodies and Sweatshirts,,74.95,cotton 100%
Superdry,Athletic Tonal Oversized T-Shirt,T-Shirts,,39.95,cotton 100%
Superdry,Ibiza Lace Blouse,Tops,,69.95,cotton 100%
Superdry,Athletic Essentials Tonal Applique Crew Sweatshirt,Hoodies and Sweatshirts,,74.95,cotton 100%
Superdry,Athletic Essentials Tonal Applique Crew Sweatshirt,Hoodies and Sweatshirts,,74.95,cotton 100%
Superdry,Old School Tattoo Oversized Zip Hoodie,Hoodies and Sweatshirts,,99.95,cotton 100%
Superdry,Broderie Tiered Mini Dress,Dresses,,59.46,cotton 100%
Superdry,Short Sleeve Printed Mini Wrap Dress,Dresses,,48.96,viscose 100%
Superdry,Athletic Tonal Oversized T-Shirt,T-Shirts,,39.95,cotton 100%
Superdry,Surf Logo Fitted T-Shirt,T-Shirts,,39.95,cotton 100%
Superdry,Venue Metallic Relaxed T-Shirt,T-Shirts,,31.46,Organic Cotton 100%
Superdry,Studios Hoodie,Hoodies and Sweatshirts,,74.95,"Recycled Polyester 25%, cotton 75%"
Superdry,Athletic Tonal Embroidered Wide Leg Joggers,Pants,,69.95,cotton 100%
Superdry,Bardot Off Shoulder Top,Tops,,36.95,Organic Cotton 100%
Superdry,Luxe Embroidered Tote Bag,Accessories,,59.46,"viscose 14%, cotton 20%, polyester 66%"
Superdry,Short Sleeve Embroidered Button Top,Tops,,59.95,cotton 100%
Superdry,Scoop Neck T-Shirt,T-Shirts,,29.95,"TENCEL™ Lyocell 40%, cotton 60%"
Superdry,Studios Scoop Neck T-Shirt,T-Shirts,,29.95,"lyocell 40%, cotton 60%"
Superdry,Scoop Neck T-Shirt,T-Shirts,,29.95,"lyocell 40%, cotton 60%"
Superdry,Studios Scoop Neck T-Shirt,T-Shirts,,29.95,"TENCEL™ Lyocell 40%, cotton 60%"
Superdry,Velour Zip Hoodie,Hoodies and Sweatshirts,,84.95,"cotton 80%, polyester 20%"
Superdry,Oversized Textured Stripe Pocket T-Shirt,T-Shirts,,39.95,cotton 100%
Superdry,Scoop Neck Tank Top,Tops,,26.95,"lyocell 40%, cotton 60%"
Superdry,Artisan Weave Belt,Accessories,,59.95,leather 100%
Superdry,Ladder Trim Cami Top,Tops,,39.95,cotton 100%
Superdry,Mid Rise Chino,Pants,,74.95,"elastane 3%, cotton 97%"
Superdry,Mid Rise Chino,Pants,,74.95,"elastane 3%, cotton 97%"
Superdry,Organic Cotton Mid Rise Slim Jeans,Jeans,,99.95,"elastomultiester 2%, modal 11%, lyocell 6%, elastane 1%, cotton 80%"
Superdry,Mid Rise Straight Leg Jean,Jeans,,99.95,Organic Cotton 100%
Marks & Spencer,Animal Print Crew Neck Jumper,Knitwear,Jumpers,£20,100% acrylic (exclusive of trimmings)
Marks & Spencer,Denim Studded Shacket,Coats & Jackets,,£60,100% cotton (exclusive of trimmings)
Marks & Spencer,Crepe Box Pleat Shift Dress,Dresses,Knee Length Dresses,£89,"92% polyester, 8% elastane (exclusive of trimmings)"
Marks & Spencer,Borg Lightweight Hooded Jacket,Coats & Jackets,,£40,100% polyester (exclusive of trimmings)
Marks & Spencer,Faux Leather Mini Skirt,Skirts,,£30,"61% polyurethane, 38% polyester and 1% metallic (exclusive of trimmings)"
Marks & Spencer,Floral Midi Shirt Dress,Dresses,,£135,100% viscose
Marks & Spencer,High Waisted Jeggings,,,£23,"38% cotton, 32% polyester, 12% acrylic, 10% elastane, 8% viscose"
Marks & Spencer,Pure Cotton Floral Embroidered Shirt,Tops,Shirts & Blouses,£46,"100% cotton (exclusive of trimmings) , Embroidery Threads - 100% polyester"
Marks & Spencer,Supersoft Striped Crew Neck Jumper,Knitwear,,£20,100% acrylic (exclusive of trimmings)
Marks & Spencer,Borg Lightweight Hooded Jacket,Coats & Jackets,,£40,100% polyester (exclusive of trimmings)
Marks & Spencer,Linen Rich Printed Cami Top,Tops,,£29.50,"55% linen, 45% viscose (exclusive of trimmings)"
Marks & Spencer,Air-Yarn V-Neck Jumper,Knitwear,Jumpers,£26,"51% polyester, 41% acrylic, 5% wool and 3% elastane (exclusive of trimmings)"
Marks & Spencer,Cotton Rich Asymmetric Short Trench Coat,Coats & Jackets,,£65,"66% cotton, 34% viscose"
Marks & Spencer,Gingham High Leg Bikini Bottoms,Swimwear,Bikinis,£15,"92% polyester, 8% elastane (exclusive of trimmings)"
Marks & Spencer,Cotton Rich Striped Collared Fitted Shirt,Tops,Shirts & Blouses,£17.50,"73% cotton, 23% polyester, 4% elastane (exclusive of trimmings)"
Marks & Spencer,Pure Cotton V-Neck Tie Detail Wrap Shirt,Tops,Shirts & Blouses,£36,100% cotton (exclusive of trimmings)
Marks & Spencer,Bow Detail Top,Tops,,£46,"100% polyester, Lining - 100% polyester"
Marks & Spencer,Jersey Hardware Detail Dress,Dresses,,£36,"94% polyamide, 6% elastane (exclusive of trimmings)"
Marks & Spencer,Pure Cotton Shirred Waisted Maxi Dress,Dresses,Maxi Dresses,£39.50,100% cotton (exclusive of trimmings)
Marks & Spencer,Pure Cotton Cropped Collared Shirt,Tops,Shirts & Blouses,£26,100% cotton (exclusive of trimmings)
Marks & Spencer,Air-Yarn V-Neck Jumper,Knitwear,Jumpers,£26,"51% polyester, 41% acrylic, 5% wool and 3% elastane (exclusive of trimmings)"
Marks & Spencer,V-Neck Cropped Cardigan with Alpaca,Knitwear,Cardigans,£35,"43% polyamide, 20% alpaca, 20% wool, 14% acrylic, and 3% elastane"
Marks & Spencer,Air-Yarn Button Front Short Sleeve Cropped Cardigan,Knitwear,,£26,"51% polyester, 41% acrylic, 5% wool and 3% elastane (exclusive of trimmings)"
Marks & Spencer,Cropped Jacket,Coats & Jackets,,£70,100% cotton (embroidery threads)
Marks & Spencer,Collared Button Front Short Sleeve Cropped Cardigan with Alpaca,Knitwear,Cardigans,£30,"90% polyester, 8% alpaca and 2% elastane"
Marks & Spencer,Air-Yarn Button Front Short Sleeve Cropped Cardigan,Knitwear,,£26,"51% polyester, 41% acrylic, 5% wool and 3% elastane (exclusive of trimmings)"
Marks & Spencer,Collared Button Front Short Sleeve Cropped Cardigan with Alpaca,Knitwear,Cardigans,£30,"90% polyester, 8% alpaca and 2% elastane"
Marks & Spencer,Alpaca Blend Button Front Cropped Cardigan,Knitwear,Cardigans,£55,"35% wool, 35% alpaca, 27% polyamide and 3% elastane"
Marks & Spencer,Keyhole Cosy Flute Sleeves Top,Tops,,£23,"91% polyester, 9% elastane (exclusive of trimmings)"
Marks & Spencer,Suede Studded Lace Up Shoes,Footwear,Shoes,£60,"Upper: Leather, Lining and Sock: Textile & other materials, Outsole: Other materials"
Marks & Spencer,Patent Studded Flat Pointed Shoes,Footwear,Shoes,£50,"Upper: Other materials , Lining and Sock: Textile & other materials, Outsole: Other materials"
Marks & Spencer,Soft Touch Striped Crew Neck Jumper,Knitwear,Jumpers,£30,"52% viscose, 29% polyester and19% polyamide (exclusive of trimmings)"
Marks & Spencer,Cloud-Yarn Ribbed V-Neck Jumper,Knitwear,Jumpers,£36,"57% polyester, 34% acrylic and 9% polyamide"
Marks & Spencer,Cloud-Yarn Pocket Crew Neck Knitted Waistcoat,Knitwear,,£28,"57% polyester, 34% acrylic and 9% polyamide"
Marks & Spencer,Pure Cotton Embellished Tie Front Gilet,Coats & Jackets,,£60,"100% cotton (exclusive of trimmings) , Lining - 100% polyester , Wadding / stuffing (thick layer of continuous fabric within a coat/jacket) - 100% polyester"
Marks & Spencer,Wool Rich Pleated Wide Leg Trousers,Trousers,,£99,"70% wool, 28% polyester and 2% elastane"
Marks & Spencer,Striped Ribbed Stitch Detail Top,Tops,,£45,"98% viscose, 2% elastane (exclusive of trimmings)"
Marks & Spencer,Panelled Asymmetric Waistcoat,Tops,Waistcoats,£45,"67% polyester, 29% viscose, 4% elastane"
Marks & Spencer,Bandeau Ankle Grazer Tailored Jumpsuit,Dresses,,£50,"92% polyester, 8% elastane(exclusive of trimmings) , Lining - 100% polyester"
Marks & Spencer,Cable Knit Relaxed Jumper with Alpaca,Knitwear,Jumpers,£39.50,"52% polyester, 31% acrylic, 9% polyamide and 8% alpaca (exclusive of trimmings)"
Marks & Spencer,Air-Yarn Button Front Short Sleeve Cropped Cardigan,Knitwear,,£26,"51% polyester, 41% acrylic, 5% wool and 3% elastane (exclusive of trimmings)"
Marks & Spencer,Soft Touch Fitted Cardigan,Knitwear,Cardigans,£36,"50% acrylic, 50% viscose"
Marks & Spencer,Cotton Rich Collared Utility Car Coat,Coats & Jackets,,£100,"38% polyester, 62% cotton (exclusive of trimmings), Lining - 100% polyester, Padding - 100% polyester, Cord trim - 99% cotton, 1% elastane"
Marks & Spencer,Air-Yarn Button Front Short Sleeve Cropped Cardigan,Knitwear,,£26,"51% polyester, 41% acrylic, 5% wool and 3% elastane (exclusive of trimmings)"
Marks & Spencer,Animal Print Crew Neck Jumper,Knitwear,Jumpers,£20,100% acrylic (exclusive of trimmings)
Marks & Spencer,Cloud-Yarn Pocket Crew Neck Knitted Waistcoat,Knitwear,,£28,"57% polyester, 34% acrylic and 9% polyamide"
Marks & Spencer,Soft Touch Striped Knitted Rugby Top,Knitwear,Jumpers,£36,"51% viscose, 27% polyester and 22% polyamide (exclusive of trimmings)"
Marks & Spencer,V-Neck Cropped Cardigan with Alpaca,Knitwear,Cardigans,£35,"43% polyamide, 20% alpaca, 20% wool, 14% acrylic, and 3% elastane"
